Date,Start_Hour,End_Hour,Source,Day_of_Year,Day_Name,Month_Name,Season,Production
12/18/2022,21,22,Wind,352,Sunday,December,Winter,11400
1/29/2024,14,15,Wind,29,Monday,January,Winter,7917
8/1/2024,15,16,Solar,214,Thursday,August,Summer,8835
11/10/2020,1,2,Wind,315,Tuesday,November,Fall,989
12/19/2022,1,2,Wind,353,Monday,December,Winter,12526
10/18/2024,13,14,Solar,292,Friday,October,Fall,4855
4/10/2020,17,18,Solar,101,Friday,April,Spring,3692
1/25/2023,0,1,Wind,25,Wednesday,January,Winter,2156
12/12/2021,12,13,Wind,346,Sunday,December,Winter,5813
10/11/2020,13,14,Wind,285,Sunday,October,Fall,6106
1/8/2024,23,0,Wind,8,Monday,January,Winter,5515
1/8/2020,18,19,Wind,8,Wednesday,January,Winter,2785
1/29/2022,20,21,Wind,29,Saturday,January,Winter,8498
6/2/2021,15,16,Solar,153,Wednesday,June,Summer,5561
6/11/2024,7,8,Wind,163,Tuesday,June,Summer,2328
6/5/2020,21,22,Wind,157,Friday,June,Summer,6664
5/2/2021,13,14,Solar,122,Sunday,May,Spring,4993
1/13/2022,0,1,Wind,13,Thursday,January,Winter,3276
7/24/2020,3,4,Wind,206,Friday,July,Summer,1739
8/29/2024,5,6,Wind,242,Thursday,August,Summer,2083
1/3/2024,0,1,Wind,3,Wednesday,January,Winter,17272
4/2/2024,2,3,Wind,93,Tuesday,April,Spring,12285
7/29/2020,16,17,Solar,211,Wednesday,July,Summer,3480
11/5/2024,6,7,Wind,310,Tuesday,November,Fall,1690
10/24/2022,8,9,Wind,297,Monday,October,Fall,11508
2/27/2023,10,11,Wind,58,Monday,February,Winter,15692
4/2/2020,15,16,Solar,93,Thursday,April,Spring,4169
5/13/2020,3,4,Wind,134,Wednesday,May,Spring,3174
11/22/2023,14,15,Wind,326,Wednesday,November,Fall,7314
9/11/2021,11,12,Solar,254,Saturday,September,Fall,4969
4/7/2025,15,16,Solar,97,Monday,April,Spring,9862
7/27/2025,22,23,Wind,208,Sunday,July,Summer,3862
3/11/2021,13,14,Wind,70,Thursday,March,Spring,16144
4/30/2022,16,17,Solar,120,Saturday,April,Spring,8188
1/19/2023,23,0,Wind,19,Thursday,January,Winter,1710
9/11/2022,4,5,Wind,254,Sunday,September,Fall,472
9/25/2021,16,17,Solar,268,Saturday,September,Fall,3402
8/8/2020,12,13,Solar,221,Saturday,August,Summer,3996
6/8/2021,1,2,Wind,159,Tuesday,June,Summer,1148
6/10/2024,21,22,Wind,162,Monday,June,Summer,4062
6/18/2020,0,1,Wind,170,Thursday,June,Summer,1443
5/30/2023,17,18,Wind,150,Tuesday,May,Spring,13363
2/17/2022,1,2,Wind,48,Thursday,February,Winter,15609
5/11/2022,19,20,Wind,131,Wednesday,May,Spring,8878
5/7/2024,7,8,Wind,128,Tuesday,May,Spring,2974
11/22/2025,12,13,Wind,326,Saturday,November,Fall,12324
4/9/2021,21,22,Wind,99,Friday,April,Spring,5279
12/24/2021,11,12,Wind,358,Friday,December,Winter,3872
3/11/2023,12,13,Wind,70,Saturday,March,Spring,6406
8/13/2021,13,14,Solar,225,Friday,August,Summer,5323
2/1/2021,15,16,Wind,32,Monday,February,Winter,7166
9/11/2023,13,14,Solar,254,Monday,September,Fall,7117
7/1/2020,13,14,Wind,183,Wednesday,July,Summer,5874
3/10/2025,9,10,Solar,69,Monday,March,Spring,4807
6/23/2023,15,16,Solar,174,Friday,June,Summer,7976
2/9/2023,13,14,Solar,40,Thursday,February,Winter,5168
5/24/2020,0,1,Wind,145,Sunday,May,Spring,4384
7/26/2021,23,0,Wind,207,Monday,July,Summer,1465
9/28/2020,6,7,Wind,272,Monday,September,Fall,3962
8/25/2021,0,1,Wind,237,Wednesday,August,Summer,6786
12/16/2021,14,15,Wind,350,Thursday,December,Winter,5553
3/11/2022,22,23,Wind,70,Friday,March,Spring,10557
4/13/2020,17,18,Wind,104,Monday,April,Spring,10961
10/4/2022,23,0,Wind,277,Tuesday,October,Fall,2160
6/12/2025,1,2,Wind,163,Thursday,June,Summer,8382
8/18/2022,10,11,Solar,230,Thursday,August,Summer,3688
10/25/2025,18,19,Wind,298,Saturday,October,Fall,8209
10/24/2023,22,23,Wind,297,Tuesday,October,Fall,6448
10/13/2021,18,19,Wind,286,Wednesday,October,Fall,2194
7/19/2025,11,12,Wind,200,Saturday,July,Summer,10173
6/1/2021,5,6,Wind,152,Tuesday,June,Summer,5221
6/30/2022,22,23,Wind,181,Thursday,June,Summer,2181
1/4/2020,5,6,Wind,4,Saturday,January,Winter,3143
4/23/2020,3,4,Wind,114,Thursday,April,Spring,2541
9/19/2021,9,10,Wind,262,Sunday,September,Fall,4133
2/1/2021,5,6,Wind,32,Monday,February,Winter,5020
7/8/2022,8,9,Wind,189,Friday,July,Summer,3748
7/8/2025,13,14,Solar,189,Tuesday,July,Summer,13125
7/7/2021,14,15,Solar,188,Wednesday,July,Summer,5096
1/22/2020,15,16,Wind,22,Wednesday,January,Winter,4074
6/28/2025,17,18,Solar,179,Saturday,June,Summer,7681
2/25/2021,3,4,Wind,56,Thursday,February,Winter,4820
5/22/2021,17,18,Wind,142,Saturday,May,Spring,10961
2/16/2022,5,6,Wind,47,Wednesday,February,Winter,14822
6/22/2023,4,5,Wind,173,Thursday,June,Summer,3376
6/18/2022,22,23,Wind,169,Saturday,June,Summer,8199
6/8/2022,15,16,Wind,159,Wednesday,June,Summer,10512
12/1/2022,3,4,Wind,335,Thursday,December,Winter,3869
4/17/2023,16,17,Wind,107,Monday,April,Spring,10404
12/9/2020,9,10,Wind,344,Wednesday,December,Winter,3334
2/7/2023,18,19,Wind,38,Tuesday,February,Winter,5042
9/28/2020,20,21,Wind,272,Monday,September,Fall,4228
2/12/2023,15,16,Solar,43,Sunday,February,Winter,5718
11/23/2023,2,3,Wind,327,Thursday,November,Fall,2948
12/12/2024,19,20,Wind,347,Thursday,December,Winter,3528
5/11/2025,1,2,Wind,131,Sunday,May,Spring,7504
5/30/2024,19,20,Wind,151,Thursday,May,Spring,8561
7/29/2024,16,17,Solar,211,Monday,July,Summer,8215
8/27/2024,23,0,Wind,240,Tuesday,August,Summer,3000
11/13/2021,9,10,Wind,317,Saturday,November,Fall,5084
9/20/2021,19,20,Wind,263,Monday,September,Fall,3112
2/13/2023,12,13,Solar,44,Monday,February,Winter,6722
11/14/2020,2,3,Wind,319,Saturday,November,Fall,4362
1/29/2025,0,1,Wind,29,Wednesday,January,Winter,18199
3/2/2022,4,5,Wind,61,Wednesday,March,Spring,2961
6/6/2025,16,17,Wind,157,Friday,June,Summer,7448
7/15/2025,2,3,Wind,196,Tuesday,July,Summer,3144
5/15/2022,15,16,Solar,135,Sunday,May,Spring,9252
6/6/2024,16,17,Solar,158,Thursday,June,Summer,7935
12/1/2020,6,7,Wind,336,Tuesday,December,Winter,7577
2/1/2020,20,21,Wind,32,Saturday,February,Winter,10073
12/5/2022,7,8,Wind,339,Monday,December,Winter,723
11/2/2021,17,18,Wind,306,Tuesday,November,Fall,1723
3/30/2024,15,16,Solar,90,Saturday,March,Spring,7864
5/7/2020,14,15,Solar,128,Thursday,May,Spring,4403
7/22/2024,4,5,Wind,204,Monday,July,Summer,3323
1/23/2022,23,0,Wind,23,Sunday,January,Winter,3658
4/16/2024,8,9,Wind,107,Tuesday,April,Spring,14410
2/2/2021,17,18,Wind,33,Tuesday,February,Winter,9228
4/6/2025,12,13,Solar,96,Sunday,April,Spring,8484
10/24/2025,20,21,Wind,297,Friday,October,Fall,12993
9/12/2024,19,20,Wind,256,Thursday,September,Fall,4668
6/1/2021,20,21,Wind,152,Tuesday,June,Summer,3220
6/10/2022,4,5,Wind,161,Friday,June,Summer,2337
5/12/2024,4,5,Wind,133,Sunday,May,Spring,3727
11/1/2025,1,2,Wind,305,Saturday,November,Fall,13837
5/29/2022,9,10,Solar,149,Sunday,May,Spring,7338
8/30/2023,18,19,Wind,242,Wednesday,August,Summer,7641
4/29/2023,20,21,Wind,119,Saturday,April,Spring,2453
5/22/2022,15,16,Solar,142,Sunday,May,Spring,5188
8/12/2022,12,13,Solar,224,Friday,August,Summer,8910
8/31/2020,13,14,Solar,244,Monday,August,Summer,4731
9/17/2020,1,2,Wind,261,Thursday,September,Fall,5365
5/13/2023,10,11,Solar,133,Saturday,May,Spring,7155
10/16/2021,15,16,Solar,289,Saturday,October,Fall,4121
1/4/2022,8,9,Wind,4,Tuesday,January,Winter,6398
11/10/2024,22,23,Wind,315,Sunday,November,Fall,2532
4/25/2022,21,22,Wind,115,Monday,April,Spring,2493
5/14/2021,11,12,Wind,134,Friday,May,Spring,7152
10/14/2020,8,9,Wind,288,Wednesday,October,Fall,3082
9/29/2021,13,14,Wind,272,Wednesday,September,Fall,11398
2/2/2020,2,3,Wind,33,Sunday,February,Winter,6412
7/10/2021,19,20,Wind,191,Saturday,July,Summer,3038
6/9/2022,0,1,Wind,160,Thursday,June,Summer,6305
12/4/2021,2,3,Wind,338,Saturday,December,Winter,8913
8/5/2020,4,5,Wind,218,Wednesday,August,Summer,1018
1/22/2020,16,17,Wind,22,Wednesday,January,Winter,3930
2/21/2024,0,1,Wind,52,Wednesday,February,Winter,3618
1/1/2021,12,13,Solar,1,Friday,January,Winter,1994
7/20/2021,22,23,Wind,201,Tuesday,July,Summer,3054
7/9/2025,11,12,Solar,190,Wednesday,July,Summer,9719
12/8/2024,6,7,Wind,343,Sunday,December,Winter,16946
10/21/2024,20,21,Wind,295,Monday,October,Fall,4621
7/3/2025,13,14,Solar,184,Thursday,July,Summer,9835
6/3/2022,8,9,Wind,154,Friday,June,Summer,3026
6/15/2022,13,14,Solar,166,Wednesday,June,Summer,6208
3/18/2022,5,6,Wind,77,Friday,March,Spring,8159
3/9/2021,8,9,Wind,68,Tuesday,March,Spring,2948
2/17/2022,19,20,Wind,48,Thursday,February,Winter,8507
11/11/2021,5,6,Wind,315,Thursday,November,Fall,982
6/6/2020,1,2,Wind,158,Saturday,June,Summer,5766
10/24/2020,8,9,Wind,298,Saturday,October,Fall,8585
9/18/2023,9,10,Wind,261,Monday,September,Fall,8347
11/24/2025,7,8,Wind,328,Monday,November,Fall,8309
9/9/2021,1,2,Wind,252,Thursday,September,Fall,2685
9/25/2025,18,19,Wind,268,Thursday,September,Fall,3302
5/12/2021,17,18,Wind,132,Wednesday,May,Spring,4435
6/2/2022,9,10,Solar,153,Thursday,June,Summer,4378
1/14/2025,15,16,Solar,14,Tuesday,January,Winter,4353
3/22/2023,14,15,Wind,81,Wednesday,March,Spring,15456
7/7/2024,19,20,Wind,189,Sunday,July,Summer,4892
1/28/2021,4,5,Wind,28,Thursday,January,Winter,9675
2/12/2025,1,2,Wind,43,Wednesday,February,Winter,2685
8/25/2021,14,15,Solar,237,Wednesday,August,Summer,9454
7/17/2023,6,7,Wind,198,Monday,July,Summer,2269
6/25/2025,13,14,Solar,176,Wednesday,June,Summer,9397
3/3/2021,9,10,Wind,62,Wednesday,March,Spring,1845
6/22/2021,14,15,Wind,173,Tuesday,June,Summer,6749
3/19/2025,13,14,Solar,78,Wednesday,March,Spring,13786
5/31/2020,19,20,Wind,152,Sunday,May,Spring,5250
2/21/2020,16,17,Wind,52,Friday,February,Winter,7148
6/4/2023,8,9,Wind,155,Sunday,June,Summer,4706
3/3/2025,18,19,Wind,62,Monday,March,Spring,2282
8/17/2025,12,13,Solar,229,Sunday,August,Summer,11455
1/3/2020,21,22,Wind,3,Friday,January,Winter,4570
5/19/2023,18,19,Wind,139,Friday,May,Spring,8236
4/3/2021,5,6,Wind,93,Saturday,April,Spring,7508
7/16/2025,12,13,Solar,197,Wednesday,July,Summer,16160
6/8/2024,5,6,Wind,160,Saturday,June,Summer,2141
9/29/2022,15,16,Solar,272,Thursday,September,Fall,3999
9/19/2024,8,9,Wind,263,Thursday,September,Fall,8855
5/23/2021,20,21,Wind,143,Sunday,May,Spring,6519
11/19/2024,2,3,Wind,324,Tuesday,November,Fall,16568
11/2/2025,12,13,Wind,306,Sunday,November,Fall,17124
3/6/2020,19,20,Wind,66,Friday,March,Spring,4409
9/24/2025,14,15,Wind,267,Wednesday,September,Fall,10617
3/6/2021,0,1,Wind,65,Saturday,March,Spring,6907
1/8/2024,1,2,Wind,8,Monday,January,Winter,11458
1/29/2024,9,10,Wind,29,Monday,January,Winter,8026
6/8/2024,21,22,Wind,160,Saturday,June,Summer,2990
9/5/2020,2,3,Wind,249,Saturday,September,Fall,2313
8/29/2023,16,17,Solar,241,Tuesday,August,Summer,6026
3/31/2023,21,22,Wind,90,Friday,March,Spring,17308
8/2/2021,12,13,Solar,214,Monday,August,Summer,4915
11/12/2021,19,20,Wind,316,Friday,November,Fall,4622
4/7/2024,13,14,Wind,98,Sunday,April,Spring,6534
8/23/2022,20,21,Wind,235,Tuesday,August,Summer,692
3/31/2025,12,13,Solar,90,Monday,March,Spring,12441
12/12/2024,23,0,Wind,347,Thursday,December,Winter,3205
10/30/2023,14,15,Wind,303,Monday,October,Fall,6382
7/13/2025,23,0,Wind,194,Sunday,July,Summer,2819
3/10/2020,16,17,Wind,70,Tuesday,March,Spring,12787
1/9/2021,3,4,Wind,9,Saturday,January,Winter,2353
4/2/2021,2,3,Wind,92,Friday,April,Spring,7071
11/24/2022,21,22,Wind,328,Thursday,November,Fall,10233
8/4/2025,4,5,Wind,216,Monday,August,Summer,2819
9/24/2021,10,11,Solar,267,Friday,September,Fall,3708
11/14/2020,14,15,Wind,319,Saturday,November,Fall,9092
2/12/2025,11,12,Solar,43,Wednesday,February,Winter,3734
11/18/2024,17,18,Wind,323,Monday,November,Fall,7419
8/25/2025,11,12,Solar,237,Monday,August,Summer,7160
11/11/2025,13,14,Wind,315,Tuesday,November,Fall,13901
9/15/2021,9,10,Wind,258,Wednesday,September,Fall,2675
8/21/2022,7,8,Wind,233,Sunday,August,Summer,794
11/14/2025,3,4,Wind,318,Friday,November,Fall,10916
4/30/2022,10,11,Solar,120,Saturday,April,Spring,6810
10/9/2022,3,4,Wind,282,Sunday,October,Fall,4965
4/26/2024,0,1,Wind,117,Friday,April,Spring,2294
3/12/2022,15,16,Wind,71,Saturday,March,Spring,9696
2/21/2023,12,13,Solar,52,Tuesday,February,Winter,4252
3/29/2023,11,12,Solar,88,Wednesday,March,Spring,8491
4/27/2021,22,23,Wind,117,Tuesday,April,Spring,2003
2/17/2020,4,5,Wind,48,Monday,February,Winter,6453
1/19/2024,23,0,Wind,19,Friday,January,Winter,3521
3/31/2025,7,8,Wind,90,Monday,March,Spring,5090
11/2/2021,12,13,Wind,306,Tuesday,November,Fall,6192
11/11/2022,7,8,Wind,315,Friday,November,Fall,3461
10/26/2021,12,13,Solar,299,Tuesday,October,Fall,5605
9/22/2022,19,20,Wind,265,Thursday,September,Fall,399
5/11/2025,13,14,Solar,131,Sunday,May,Spring,4563
1/28/2022,1,2,Wind,28,Friday,January,Winter,2439
11/20/2022,10,11,Wind,324,Sunday,November,Fall,9228
7/12/2022,1,2,Wind,193,Tuesday,July,Summer,4082
11/24/2024,12,13,Wind,329,Sunday,November,Fall,22929
2/1/2020,4,5,Wind,32,Saturday,February,Winter,9131
11/6/2024,5,6,Wind,311,Wednesday,November,Fall,189
10/28/2021,9,10,Wind,301,Thursday,October,Fall,6796
10/22/2020,12,13,Wind,296,Thursday,October,Fall,5144
3/10/2022,0,1,Wind,69,Thursday,March,Spring,6808
11/3/2021,5,6,Wind,307,Wednesday,November,Fall,3819
12/8/2024,2,3,Wind,343,Sunday,December,Winter,16670
6/3/2020,5,6,Wind,155,Wednesday,June,Summer,631
6/27/2020,11,12,Wind,179,Saturday,June,Summer,9506
6/4/2021,3,4,Wind,155,Friday,June,Summer,1527
11/17/2020,22,23,Wind,322,Tuesday,November,Fall,2667
10/21/2021,8,9,Wind,294,Thursday,October,Fall,11321
8/19/2021,23,0,Wind,231,Thursday,August,Summer,940
6/4/2020,23,0,Wind,156,Thursday,June,Summer,2918
8/14/2023,11,12,Solar,226,Monday,August,Summer,7955
5/13/2024,3,4,Wind,134,Monday,May,Spring,2321
8/11/2024,16,17,Solar,224,Sunday,August,Summer,5870
5/4/2021,7,8,Wind,124,Tuesday,May,Spring,13322
4/26/2025,11,12,Solar,116,Saturday,April,Spring,4018
1/21/2020,18,19,Wind,21,Tuesday,January,Winter,3303
11/2/2021,19,20,Wind,306,Tuesday,November,Fall,2311
7/29/2023,1,2,Wind,210,Saturday,July,Summer,3618
5/21/2023,8,9,Wind,141,Sunday,May,Spring,4686
2/7/2025,18,19,Wind,38,Friday,February,Winter,9119
7/25/2022,11,12,Wind,206,Monday,July,Summer,10186
10/16/2024,16,17,Wind,290,Wednesday,October,Fall,11196
1/11/2022,18,19,Wind,11,Tuesday,January,Winter,2621
4/19/2024,2,3,Wind,110,Friday,April,Spring,6475
7/28/2024,23,0,Wind,210,Sunday,July,Summer,6281
4/5/2025,18,19,Wind,95,Saturday,April,Spring,8043
1/4/2022,20,21,Wind,4,Tuesday,January,Winter,9372
7/6/2023,4,5,Wind,187,Thursday,July,Summer,1028
3/22/2024,23,0,Wind,82,Friday,March,Spring,7326
1/16/2024,9,10,Wind,16,Tuesday,January,Winter,2207
5/8/2024,20,21,Wind,129,Wednesday,May,Spring,3372
1/26/2025,19,20,Wind,26,Sunday,January,Winter,19633
7/20/2020,7,8,Wind,202,Monday,July,Summer,3155
3/2/2024,1,2,Wind,62,Saturday,March,Spring,11147
5/17/2021,13,14,Wind,137,Monday,May,Spring,15419
9/22/2024,4,5,Wind,266,Sunday,September,Fall,3577
7/18/2021,3,4,Wind,199,Sunday,July,Summer,5140
3/20/2020,15,16,Wind,80,Friday,March,Spring,7700
4/14/2025,23,0,Wind,104,Monday,April,Spring,5469
2/19/2020,7,8,Wind,50,Wednesday,February,Winter,7659
11/21/2021,4,5,Wind,325,Sunday,November,Fall,556
10/25/2023,10,11,Wind,298,Wednesday,October,Fall,10951
7/16/2023,19,20,Wind,197,Sunday,July,Summer,5612
7/22/2020,12,13,Solar,204,Wednesday,July,Summer,3790
3/8/2024,1,2,Wind,68,Friday,March,Spring,10506
12/10/2020,14,15,Wind,345,Thursday,December,Winter,3341
6/19/2022,8,9,Wind,170,Sunday,June,Summer,7096
10/23/2024,20,21,Wind,297,Wednesday,October,Fall,5480
6/11/2024,23,0,Wind,163,Tuesday,June,Summer,2863
9/9/2021,5,6,Wind,252,Thursday,September,Fall,1689
6/11/2020,15,16,Wind,163,Thursday,June,Summer,5051
6/7/2024,4,5,Wind,159,Friday,June,Summer,1976
3/26/2024,23,0,Wind,86,Tuesday,March,Spring,8226
2/9/2022,9,10,Wind,40,Wednesday,February,Winter,4407
2/15/2025,20,21,Wind,46,Saturday,February,Winter,5334
4/28/2021,6,7,Wind,118,Wednesday,April,Spring,857
8/27/2020,11,12,Solar,240,Thursday,August,Summer,4553
10/1/2024,7,8,Wind,275,Tuesday,October,Fall,6398
5/21/2021,0,1,Wind,141,Friday,May,Spring,9704
12/5/2021,22,23,Wind,339,Sunday,December,Winter,4707
8/1/2022,14,15,Solar,213,Monday,August,Summer,6729
9/18/2022,23,0,Wind,261,Sunday,September,Fall,4648
1/14/2025,4,5,Wind,14,Tuesday,January,Winter,2738
1/4/2025,9,10,Wind,4,Saturday,January,Winter,4819
8/23/2020,20,21,Wind,236,Sunday,August,Summer,3074
12/11/2022,11,12,Solar,345,Sunday,December,Winter,4059
7/5/2024,2,3,Wind,187,Friday,July,Summer,3591
7/12/2021,10,11,Wind,193,Monday,July,Summer,3055
12/4/2022,18,19,Wind,338,Sunday,December,Winter,1267
9/29/2023,15,16,Wind,272,Friday,September,Fall,10069
10/6/2024,10,11,Wind,280,Sunday,October,Fall,7982
2/27/2023,20,21,Wind,58,Monday,February,Winter,11622
6/6/2021,7,8,Wind,157,Sunday,June,Summer,2047
4/6/2022,17,18,Wind,96,Wednesday,April,Spring,13616
1/29/2025,14,15,Wind,29,Wednesday,January,Winter,13601
10/30/2024,21,22,Wind,304,Wednesday,October,Fall,3374
6/14/2024,18,19,Wind,166,Friday,June,Summer,11508
2/5/2024,19,20,Wind,36,Monday,February,Winter,7217
11/16/2020,2,3,Wind,321,Monday,November,Fall,9712
11/3/2025,12,13,Wind,307,Monday,November,Fall,14275
5/28/2023,22,23,Wind,148,Sunday,May,Spring,9225
1/24/2020,22,23,Wind,24,Friday,January,Winter,628
2/4/2022,5,6,Wind,35,Friday,February,Winter,6025
1/2/2020,18,19,Wind,2,Thursday,January,Winter,5346
8/30/2022,0,1,Wind,242,Tuesday,August,Summer,5425
11/29/2025,0,1,Wind,333,Saturday,November,Fall,5241
5/14/2025,10,11,Solar,134,Wednesday,May,Spring,7025
12/25/2024,2,3,Wind,360,Wednesday,December,Winter,1698
9/16/2024,11,12,Solar,260,Monday,September,Fall,8063
6/13/2020,2,3,Wind,165,Saturday,June,Summer,3116
5/26/2025,10,11,Solar,146,Monday,May,Spring,10578
1/29/2022,9,10,Wind,29,Saturday,January,Winter,8062
8/29/2021,7,8,Wind,241,Sunday,August,Summer,3373
8/17/2023,4,5,Wind,229,Thursday,August,Summer,2138
11/1/2021,16,17,Wind,305,Monday,November,Fall,6650
4/27/2025,13,14,Solar,117,Sunday,April,Spring,4171
3/25/2020,20,21,Wind,85,Wednesday,March,Spring,7278
11/13/2025,13,14,Wind,317,Thursday,November,Fall,10055
10/29/2022,9,10,Wind,302,Saturday,October,Fall,8680
5/12/2025,3,4,Wind,132,Monday,May,Spring,2071
12/26/2021,18,19,Wind,360,Sunday,December,Winter,2979
11/27/2022,5,6,Wind,331,Sunday,November,Fall,6949
6/10/2025,19,20,Wind,161,Tuesday,June,Summer,4337
1/14/2020,11,12,Wind,14,Tuesday,January,Winter,13956
4/19/2025,14,15,Wind,109,Saturday,April,Spring,4692
10/16/2022,4,5,Wind,289,Sunday,October,Fall,3203
11/8/2025,12,13,Solar,312,Saturday,November,Fall,5483
6/3/2023,0,1,Wind,154,Saturday,June,Summer,7045
12/21/2022,4,5,Wind,355,Wednesday,December,Winter,5289
8/15/2022,6,7,Wind,227,Monday,August,Summer,2354
6/14/2025,21,22,Wind,165,Saturday,June,Summer,2617
11/11/2021,19,20,Wind,315,Thursday,November,Fall,904
4/2/2024,19,20,Wind,93,Tuesday,April,Spring,9355
12/3/2024,0,1,Wind,338,Tuesday,December,Winter,6322
8/18/2021,10,11,Solar,230,Wednesday,August,Summer,4153
2/18/2022,0,1,Wind,49,Friday,February,Winter,6361
6/15/2020,9,10,Solar,167,Monday,June,Summer,3227
6/6/2020,3,4,Wind,158,Saturday,June,Summer,5774
10/31/2022,6,7,Wind,304,Monday,October,Fall,3071
8/2/2023,18,19,Wind,214,Wednesday,August,Summer,18182
6/8/2023,6,7,Wind,159,Thursday,June,Summer,4578
4/21/2024,15,16,Wind,112,Sunday,April,Spring,10808
11/2/2025,9,10,Wind,306,Sunday,November,Fall,11230
1/11/2023,22,23,Wind,11,Wednesday,January,Winter,15390
3/19/2020,11,12,Solar,79,Thursday,March,Spring,3951
8/17/2025,8,9,Wind,229,Sunday,August,Summer,6183
8/7/2020,6,7,Wind,220,Friday,August,Summer,2021
11/22/2025,9,10,Wind,326,Saturday,November,Fall,8243
9/4/2025,5,6,Wind,247,Thursday,September,Fall,6876
7/22/2020,10,11,Solar,204,Wednesday,July,Summer,2606
4/26/2021,3,4,Wind,116,Monday,April,Spring,9366
8/19/2021,4,5,Wind,231,Thursday,August,Summer,1485
10/25/2022,14,15,Solar,298,Tuesday,October,Fall,5213
4/6/2020,9,10,Wind,97,Monday,April,Spring,6188
7/8/2023,15,16,Solar,189,Saturday,July,Summer,8194
5/10/2020,10,11,Wind,131,Sunday,May,Spring,2276
1/17/2020,1,2,Wind,17,Friday,January,Winter,9434
1/10/2024,9,10,Wind,10,Wednesday,January,Winter,2524
3/29/2022,14,15,Solar,88,Tuesday,March,Spring,4278
12/7/2022,14,15,Solar,341,Wednesday,December,Winter,3789
6/6/2024,1,2,Wind,158,Thursday,June,Summer,1268
1/30/2020,6,7,Wind,30,Thursday,January,Winter,6684
8/18/2020,9,10,Solar,231,Tuesday,August,Summer,1797
12/12/2024,7,8,Wind,347,Thursday,December,Winter,3380
4/4/2022,23,0,Wind,94,Monday,April,Spring,8520
10/13/2025,4,5,Wind,286,Monday,October,Fall,6073
6/18/2024,4,5,Wind,170,Tuesday,June,Summer,2793
5/10/2022,6,7,Wind,130,Tuesday,May,Spring,2478
4/26/2023,15,16,Solar,116,Wednesday,April,Spring,4624
6/16/2021,2,3,Wind,167,Wednesday,June,Summer,1499
9/3/2021,6,7,Wind,246,Friday,September,Fall,2094
4/7/2025,3,4,Wind,97,Monday,April,Spring,6184
7/21/2020,8,9,Wind,203,Tuesday,July,Summer,3014
5/12/2022,10,11,Solar,132,Thursday,May,Spring,4025
12/22/2022,11,12,Wind,356,Thursday,December,Winter,13135
10/8/2024,22,23,Wind,282,Tuesday,October,Fall,13096
6/13/2021,5,6,Wind,164,Sunday,June,Summer,2592
3/9/2021,22,23,Wind,68,Tuesday,March,Spring,2083
1/3/2022,17,18,Wind,3,Monday,January,Winter,8634
2/15/2025,21,22,Wind,46,Saturday,February,Winter,5507
12/3/2021,13,14,Wind,337,Friday,December,Winter,13277
5/7/2021,8,9,Wind,127,Friday,May,Spring,3061
6/27/2025,2,3,Wind,178,Friday,June,Summer,3511
2/1/2020,11,12,Wind,32,Saturday,February,Winter,11252
7/1/2020,20,21,Wind,183,Wednesday,July,Summer,4054
5/1/2023,20,21,Wind,121,Monday,May,Spring,3856
7/8/2025,18,19,Solar,189,Tuesday,July,Summer,8997
2/18/2021,20,21,Wind,49,Thursday,February,Winter,6214
11/28/2022,13,14,Wind,332,Monday,November,Fall,5047
7/1/2021,17,18,Solar,182,Thursday,July,Summer,3901
11/15/2023,20,21,Wind,319,Wednesday,November,Fall,4554
1/14/2021,10,11,Wind,14,Thursday,January,Winter,8411
5/27/2020,11,12,Solar,148,Wednesday,May,Spring,5832
4/16/2020,21,22,Wind,107,Thursday,April,Spring,1491
6/29/2020,16,17,Wind,181,Monday,June,Summer,10010
4/2/2024,6,7,Wind,93,Tuesday,April,Spring,13175
5/8/2022,1,2,Wind,128,Sunday,May,Spring,4285
12/29/2023,15,16,Wind,363,Friday,December,Winter,13922
3/15/2024,3,4,Wind,75,Friday,March,Spring,10445
6/7/2021,6,7,Wind,158,Monday,June,Summer,1268
3/31/2020,17,18,Wind,91,Tuesday,March,Spring,10262
9/13/2021,1,2,Wind,256,Monday,September,Fall,2586
1/16/2023,14,15,Wind,16,Monday,January,Winter,16385
2/1/2021,20,21,Wind,32,Monday,February,Winter,3405
9/13/2022,5,6,Wind,256,Tuesday,September,Fall,1654
7/29/2023,15,16,Wind,210,Saturday,July,Summer,11966
8/9/2020,16,17,Solar,222,Sunday,August,Summer,3364
9/23/2021,1,2,Wind,266,Thursday,September,Fall,1404
3/18/2021,9,10,Wind,77,Thursday,March,Spring,4597
1/13/2024,0,1,Wind,13,Saturday,January,Winter,2503
6/27/2023,6,7,Wind,178,Tuesday,June,Summer,2239
12/15/2023,0,1,Wind,349,Friday,December,Winter,2968
6/12/2023,19,20,Wind,163,Monday,June,Summer,3168
12/14/2020,6,7,Wind,349,Monday,December,Winter,8437
5/4/2023,13,14,Solar,124,Thursday,May,Spring,11275
1/6/2022,11,12,Solar,6,Thursday,January,Winter,5010
5/5/2023,6,7,Wind,125,Friday,May,Spring,2188
3/24/2021,19,20,Wind,83,Wednesday,March,Spring,2191
11/6/2020,5,6,Wind,311,Friday,November,Fall,6584
10/13/2025,0,1,Wind,286,Monday,October,Fall,7395
4/9/2025,22,23,Wind,99,Wednesday,April,Spring,11401
6/13/2022,3,4,Wind,164,Monday,June,Summer,3888
12/6/2020,0,1,Wind,341,Sunday,December,Winter,3896
12/26/2022,23,0,Wind,360,Monday,December,Winter,5200
7/7/2022,18,19,Wind,188,Thursday,July,Summer,8067
9/27/2021,16,17,Wind,270,Monday,September,Fall,10010
1/29/2024,18,19,Wind,29,Monday,January,Winter,7099
3/25/2024,21,22,Wind,85,Monday,March,Spring,8820
12/27/2022,9,10,Wind,361,Tuesday,December,Winter,4677
12/3/2021,18,19,Wind,337,Friday,December,Winter,11102
4/4/2023,15,16,Solar,94,Tuesday,April,Spring,10833
3/28/2024,7,8,Wind,88,Thursday,March,Spring,15504
12/23/2022,0,1,Wind,357,Friday,December,Winter,11216
4/27/2025,22,23,Wind,117,Sunday,April,Spring,3364
4/20/2020,0,1,Wind,111,Monday,April,Spring,5506
10/17/2022,12,13,Wind,290,Monday,October,Fall,6996
1/2/2025,0,1,Wind,2,Thursday,January,Winter,12035
7/24/2020,15,16,Solar,206,Friday,July,Summer,6901
11/21/2020,10,11,Wind,326,Saturday,November,Fall,4830
8/22/2022,19,20,Wind,234,Monday,August,Summer,2515
12/29/2022,4,5,Wind,363,Thursday,December,Winter,11261
11/11/2022,23,0,Wind,315,Friday,November,Fall,4623
7/15/2021,23,0,Wind,196,Thursday,July,Summer,5085
6/29/2020,18,19,Wind,181,Monday,June,Summer,8918
11/2/2020,17,18,Wind,307,Monday,November,Fall,8515
6/8/2022,14,15,Wind,159,Wednesday,June,Summer,10122
11/27/2020,1,2,Wind,332,Friday,November,Fall,1637
3/1/2022,18,19,Wind,60,Tuesday,March,Spring,1775
8/19/2025,16,17,Solar,231,Tuesday,August,Summer,6355
11/13/2022,22,23,Wind,317,Sunday,November,Fall,2673
11/6/2025,21,22,Wind,310,Thursday,November,Fall,2696
7/13/2022,12,13,Solar,194,Wednesday,July,Summer,6334
12/27/2021,9,10,Wind,361,Monday,December,Winter,8156
10/25/2021,20,21,Wind,298,Monday,October,Fall,3029
9/12/2023,4,5,Wind,255,Tuesday,September,Fall,705
4/2/2023,4,5,Wind,92,Sunday,April,Spring,8890
9/28/2021,2,3,Wind,271,Tuesday,September,Fall,2108
5/17/2024,14,15,Solar,138,Friday,May,Spring,7184
11/13/2025,1,2,Wind,317,Thursday,November,Fall,12913
10/13/2020,16,17,Wind,287,Tuesday,October,Fall,5579
2/17/2021,22,23,Wind,48,Wednesday,February,Winter,7964
10/9/2020,18,19,Wind,283,Friday,October,Fall,3322
2/19/2025,20,21,Wind,50,Wednesday,February,Winter,7629
11/16/2021,16,17,Wind,320,Tuesday,November,Fall,1087
12/30/2020,23,0,Wind,365,Wednesday,December,Winter,5476
7/14/2022,14,15,Solar,195,Thursday,July,Summer,8923
3/19/2023,13,14,Wind,78,Sunday,March,Spring,7895
7/24/2024,11,12,Solar,206,Wednesday,July,Summer,6845
10/31/2024,20,21,Wind,305,Thursday,October,Fall,1073
5/9/2023,19,20,Wind,129,Tuesday,May,Spring,7431
3/9/2021,6,7,Wind,68,Tuesday,March,Spring,2088
5/6/2024,20,21,Wind,127,Monday,May,Spring,3270
10/26/2022,17,18,Wind,299,Wednesday,October,Fall,3223
12/7/2021,12,13,Wind,341,Tuesday,December,Winter,11221
5/5/2024,23,0,Wind,126,Sunday,May,Spring,2081
4/23/2023,18,19,Wind,113,Sunday,April,Spring,14741
11/2/2022,19,20,Wind,306,Wednesday,November,Fall,7737
3/14/2021,15,16,Wind,73,Sunday,March,Spring,13538
11/29/2021,10,11,Wind,333,Monday,November,Fall,3702
6/14/2025,14,15,Solar,165,Saturday,June,Summer,4546
4/28/2024,9,10,Wind,119,Sunday,April,Spring,7916
5/13/2020,1,2,Wind,134,Wednesday,May,Spring,3264
6/4/2025,16,17,Solar,155,Wednesday,June,Summer,8625
6/23/2024,12,13,Solar,175,Sunday,June,Summer,4144
1/24/2024,10,11,Wind,24,Wednesday,January,Winter,15539
10/14/2021,4,5,Wind,287,Thursday,October,Fall,1720
10/8/2021,23,0,Wind,281,Friday,October,Fall,5380
3/17/2023,23,0,Wind,76,Friday,March,Spring,6418
8/28/2023,5,6,Wind,240,Monday,August,Summer,2801
9/7/2022,12,13,Solar,250,Wednesday,September,Fall,7186
12/23/2023,11,12,Wind,357,Saturday,December,Winter,15819
8/5/2023,10,11,Wind,217,Saturday,August,Summer,11382
5/28/2023,23,0,Wind,148,Sunday,May,Spring,9894
7/20/2022,1,2,Wind,201,Wednesday,July,Summer,3765
1/18/2023,2,3,Wind,18,Wednesday,January,Winter,4661
9/29/2024,2,3,Wind,273,Sunday,September,Fall,1731
2/23/2024,12,13,Wind,54,Friday,February,Winter,16403
10/4/2021,23,0,Wind,277,Monday,October,Fall,7024
10/20/2025,0,1,Wind,293,Monday,October,Fall,13425
3/24/2023,8,9,Wind,83,Friday,March,Spring,12405
7/23/2020,18,19,Solar,205,Thursday,July,Summer,1954
5/13/2020,23,0,Wind,134,Wednesday,May,Spring,7165
9/6/2022,23,0,Wind,249,Tuesday,September,Fall,2214
2/17/2021,7,8,Wind,48,Wednesday,February,Winter,7775
5/29/2021,12,13,Solar,149,Saturday,May,Spring,6169
7/25/2024,21,22,Wind,207,Thursday,July,Summer,2257
4/16/2022,20,21,Wind,106,Saturday,April,Spring,6001
7/28/2020,5,6,Wind,210,Tuesday,July,Summer,4107
5/31/2021,19,20,Wind,151,Monday,May,Spring,3587
6/27/2024,21,22,Wind,179,Thursday,June,Summer,4170
10/23/2021,22,23,Wind,296,Saturday,October,Fall,3701
11/22/2022,20,21,Wind,326,Tuesday,November,Fall,10307
3/26/2020,20,21,Wind,86,Thursday,March,Spring,4960
8/9/2020,7,8,Wind,222,Sunday,August,Summer,963
11/23/2025,22,23,Wind,327,Sunday,November,Fall,6568
6/17/2022,3,4,Wind,168,Friday,June,Summer,3147
9/6/2020,6,7,Wind,250,Sunday,September,Fall,1309
1/8/2023,12,13,Wind,8,Sunday,January,Winter,13363
5/27/2020,2,3,Wind,148,Wednesday,May,Spring,4422
12/29/2023,12,13,Wind,363,Friday,December,Winter,15941
1/6/2022,3,4,Wind,6,Thursday,January,Winter,2846
3/8/2025,0,1,Wind,67,Saturday,March,Spring,10805
6/25/2023,16,17,Solar,176,Sunday,June,Summer,8815
10/31/2023,12,13,Wind,304,Tuesday,October,Fall,11825
4/18/2021,7,8,Wind,108,Sunday,April,Spring,2893
5/5/2020,14,15,Wind,126,Tuesday,May,Spring,6849
5/3/2023,9,10,Solar,123,Wednesday,May,Spring,7624
9/3/2023,19,20,Wind,246,Sunday,September,Fall,5905
10/25/2024,21,22,Wind,299,Friday,October,Fall,1798
5/11/2022,6,7,Wind,131,Wednesday,May,Spring,3550
1/30/2025,14,15,Wind,30,Thursday,January,Winter,8803
4/29/2020,5,6,Wind,120,Wednesday,April,Spring,4808
4/3/2020,5,6,Wind,94,Friday,April,Spring,2053
5/14/2020,1,2,Wind,135,Thursday,May,Spring,7248
8/22/2020,9,10,Wind,235,Saturday,August,Summer,7218
4/24/2021,19,20,Wind,114,Saturday,April,Spring,6192
6/26/2025,17,18,Wind,177,Thursday,June,Summer,14166
10/7/2020,20,21,Wind,281,Wednesday,October,Fall,4044
2/11/2020,13,14,Wind,42,Tuesday,February,Winter,14541
10/21/2024,23,0,Wind,295,Monday,October,Fall,6386
8/7/2022,8,9,Wind,219,Sunday,August,Summer,5411
1/8/2021,7,8,Wind,8,Friday,January,Winter,1043
3/27/2020,12,13,Solar,87,Friday,March,Spring,5875
9/14/2022,13,14,Solar,257,Wednesday,September,Fall,6213
2/9/2021,17,18,Wind,40,Tuesday,February,Winter,5404
4/25/2021,5,6,Wind,115,Sunday,April,Spring,8275
12/20/2022,1,2,Wind,354,Tuesday,December,Winter,13886
3/15/2023,8,9,Wind,74,Wednesday,March,Spring,3420
1/9/2024,18,19,Wind,9,Tuesday,January,Winter,3646
6/5/2021,15,16,Solar,156,Saturday,June,Summer,5731
11/28/2024,22,23,Wind,333,Thursday,November,Fall,4321
4/28/2020,3,4,Wind,119,Tuesday,April,Spring,3006
10/8/2025,2,3,Wind,281,Wednesday,October,Fall,730
7/24/2025,12,13,Solar,205,Thursday,July,Summer,8701
5/18/2021,20,21,Wind,138,Tuesday,May,Spring,3351
4/7/2023,6,7,Wind,97,Friday,April,Spring,1998
2/28/2022,18,19,Wind,59,Monday,February,Winter,2179
11/3/2023,23,0,Wind,307,Friday,November,Fall,10599
4/28/2021,23,0,Wind,118,Wednesday,April,Spring,2245
10/22/2023,19,20,Wind,295,Sunday,October,Fall,1963
12/4/2023,16,17,Wind,338,Monday,December,Winter,14332
3/12/2023,10,11,Wind,71,Sunday,March,Spring,11363
6/10/2024,16,17,Wind,162,Monday,June,Summer,9028
12/7/2023,7,8,Wind,341,Thursday,December,Winter,7243
1/11/2020,13,14,Wind,11,Saturday,January,Winter,6243
6/20/2022,18,19,Wind,171,Monday,June,Summer,6057
12/9/2021,12,13,Wind,343,Thursday,December,Winter,6822
10/22/2021,4,5,Wind,295,Friday,October,Fall,2148
8/18/2023,12,13,Solar,230,Friday,August,Summer,7556
8/26/2020,15,16,Wind,239,Wednesday,August,Summer,10494
5/17/2023,1,2,Wind,137,Wednesday,May,Spring,7393
12/10/2024,14,15,Wind,345,Tuesday,December,Winter,9436
9/4/2023,16,17,Wind,247,Monday,September,Fall,10840
6/15/2023,21,22,Wind,166,Thursday,June,Summer,2306
1/12/2021,6,7,Wind,12,Tuesday,January,Winter,12614
4/23/2021,7,8,Wind,113,Friday,April,Spring,5325
5/28/2020,21,22,Wind,149,Thursday,May,Spring,4838
4/17/2023,0,1,Wind,107,Monday,April,Spring,3728
1/12/2020,6,7,Wind,12,Sunday,January,Winter,7023
11/29/2024,4,5,Wind,334,Friday,November,Fall,7114
4/28/2025,20,21,Wind,118,Monday,April,Spring,4319
6/10/2020,10,11,Solar,162,Wednesday,June,Summer,3435
2/15/2025,17,18,Wind,46,Saturday,February,Winter,3299
3/25/2023,18,19,Wind,84,Saturday,March,Spring,9938
10/4/2021,19,20,Wind,277,Monday,October,Fall,4512
8/3/2023,6,7,Wind,215,Thursday,August,Summer,11952
8/27/2022,1,2,Wind,239,Saturday,August,Summer,2886
2/8/2021,17,18,Wind,39,Monday,February,Winter,1809
2/5/2023,16,17,Wind,36,Sunday,February,Winter,10704
4/27/2021,21,22,Wind,117,Tuesday,April,Spring,1594
12/8/2021,1,2,Wind,342,Wednesday,December,Winter,10646
9/29/2022,21,22,Wind,272,Thursday,September,Fall,1181
8/14/2025,0,1,Wind,226,Thursday,August,Summer,3432
8/12/2023,8,9,Wind,224,Saturday,August,Summer,2514
4/25/2022,0,1,Wind,115,Monday,April,Spring,3834
3/12/2025,6,7,Wind,71,Wednesday,March,Spring,2812
1/2/2023,23,0,Wind,2,Monday,January,Winter,4165
6/23/2021,23,0,Wind,174,Wednesday,June,Summer,2524
1/27/2024,14,15,Solar,27,Saturday,January,Winter,5047
4/19/2022,12,13,Solar,109,Tuesday,April,Spring,5004
11/2/2020,6,7,Wind,307,Monday,November,Fall,11975
2/25/2025,22,23,Wind,56,Tuesday,February,Winter,11904
9/30/2025,4,5,Wind,273,Tuesday,September,Fall,1402
3/18/2023,22,23,Wind,77,Saturday,March,Spring,3908
11/25/2020,7,8,Wind,330,Wednesday,November,Fall,6287
11/11/2020,15,16,Wind,316,Wednesday,November,Fall,3805
5/26/2022,5,6,Wind,146,Thursday,May,Spring,3427
4/27/2020,20,21,Wind,118,Monday,April,Spring,2041
7/26/2021,6,7,Wind,207,Monday,July,Summer,1744
7/1/2024,7,8,Wind,183,Monday,July,Summer,2190
10/13/2022,12,13,Wind,286,Thursday,October,Fall,6261
4/9/2021,18,19,Wind,99,Friday,April,Spring,5113
10/10/2021,0,1,Wind,283,Sunday,October,Fall,2713
4/22/2023,11,12,Wind,112,Saturday,April,Spring,8274
1/22/2022,23,0,Wind,22,Saturday,January,Winter,1705
10/6/2024,21,22,Wind,280,Sunday,October,Fall,8155
5/4/2020,4,5,Wind,125,Monday,May,Spring,772
11/6/2022,5,6,Wind,310,Sunday,November,Fall,7347
8/16/2024,12,13,Solar,229,Friday,August,Summer,8933
12/15/2020,16,17,Wind,350,Tuesday,December,Winter,2633
1/4/2021,19,20,Wind,4,Monday,January,Winter,3018
2/17/2022,15,16,Wind,48,Thursday,February,Winter,14562
2/22/2020,7,8,Wind,53,Saturday,February,Winter,8585
2/3/2025,12,13,Solar,34,Monday,February,Winter,6618
5/16/2022,12,13,Solar,136,Monday,May,Spring,7824
3/20/2025,15,16,Wind,79,Thursday,March,Spring,8861
10/8/2021,17,18,Wind,281,Friday,October,Fall,6180
1/11/2025,4,5,Wind,11,Saturday,January,Winter,2047
10/29/2024,3,4,Wind,303,Tuesday,October,Fall,1443
5/25/2021,8,9,Wind,145,Tuesday,May,Spring,9963
4/20/2022,18,19,Wind,110,Wednesday,April,Spring,4079
7/28/2023,20,21,Wind,209,Friday,July,Summer,4401
1/25/2022,8,9,Wind,25,Tuesday,January,Winter,376
11/12/2024,0,1,Wind,317,Tuesday,November,Fall,8295
7/2/2021,4,5,Wind,183,Friday,July,Summer,524
4/30/2022,22,23,Wind,120,Saturday,April,Spring,4244
3/18/2024,6,7,Wind,78,Monday,March,Spring,2178
12/28/2023,23,0,Wind,362,Thursday,December,Winter,13532
4/4/2023,22,23,Wind,94,Tuesday,April,Spring,4225
6/19/2022,19,20,Wind,170,Sunday,June,Summer,7351
10/27/2021,12,13,Solar,300,Wednesday,October,Fall,5370
1/24/2025,16,17,Wind,24,Friday,January,Winter,14158
6/22/2021,21,22,Wind,173,Tuesday,June,Summer,3591
7/25/2021,18,19,Wind,206,Sunday,July,Summer,5105
12/1/2021,7,8,Wind,335,Wednesday,December,Winter,13835
3/1/2020,20,21,Wind,61,Sunday,March,Spring,8419
3/28/2024,4,5,Wind,88,Thursday,March,Spring,14967
1/3/2020,22,23,Wind,3,Friday,January,Winter,4207
11/25/2024,23,0,Wind,330,Monday,November,Fall,6573
5/5/2023,15,16,Solar,125,Friday,May,Spring,8449
4/27/2025,5,6,Wind,117,Sunday,April,Spring,4156
5/21/2024,17,18,Solar,142,Tuesday,May,Spring,6724
10/17/2023,18,19,Wind,290,Tuesday,October,Fall,7943
5/15/2023,15,16,Wind,135,Monday,May,Spring,12236
4/20/2024,7,8,Wind,111,Saturday,April,Spring,6623
4/28/2024,21,22,Wind,119,Sunday,April,Spring,3181
6/17/2022,8,9,Wind,168,Friday,June,Summer,3818
3/26/2021,16,17,Wind,85,Friday,March,Spring,10584
10/7/2023,7,8,Wind,280,Saturday,October,Fall,2231
2/2/2025,13,14,Solar,33,Sunday,February,Winter,5898
7/28/2025,6,7,Wind,209,Monday,July,Summer,3946
10/25/2025,8,9,Wind,298,Saturday,October,Fall,12427
12/2/2020,3,4,Wind,337,Wednesday,December,Winter,4378
6/10/2022,10,11,Solar,161,Friday,June,Summer,6486
11/17/2024,19,20,Wind,322,Sunday,November,Fall,5733
11/13/2022,23,0,Wind,317,Sunday,November,Fall,3184
6/17/2024,23,0,Wind,169,Monday,June,Summer,2344
10/27/2020,4,5,Wind,301,Tuesday,October,Fall,5881
5/6/2025,22,23,Wind,126,Tuesday,May,Spring,9412
7/1/2023,6,7,Wind,182,Saturday,July,Summer,7665
11/10/2023,0,1,Wind,314,Friday,November,Fall,12598
7/4/2024,15,16,Wind,186,Thursday,July,Summer,8892
6/15/2021,2,3,Wind,166,Tuesday,June,Summer,2314
8/9/2025,2,3,Wind,221,Saturday,August,Summer,1411
10/18/2023,8,9,Wind,291,Wednesday,October,Fall,11434
5/23/2022,15,16,Wind,143,Monday,May,Spring,11353
9/27/2020,6,7,Wind,271,Sunday,September,Fall,11628
4/15/2021,0,1,Wind,105,Thursday,April,Spring,5536
11/5/2023,18,19,Wind,309,Sunday,November,Fall,13494
11/3/2022,23,0,Wind,307,Thursday,November,Fall,10983
5/2/2021,11,12,Solar,122,Sunday,May,Spring,4597
2/20/2024,1,2,Wind,51,Tuesday,February,Winter,3775
7/11/2024,15,16,Solar,193,Thursday,July,Summer,6569
10/23/2025,2,3,Wind,296,Thursday,October,Fall,18020
6/26/2021,10,11,Solar,177,Saturday,June,Summer,3463
1/26/2023,7,8,Wind,26,Thursday,January,Winter,2785
4/21/2024,5,6,Wind,112,Sunday,April,Spring,5440
2/7/2024,20,21,Wind,38,Wednesday,February,Winter,10078
11/19/2023,19,20,Wind,323,Sunday,November,Fall,12727
1/14/2020,5,6,Wind,14,Tuesday,January,Winter,11947
10/10/2025,10,11,Solar,283,Friday,October,Fall,6209
5/6/2020,12,13,Solar,127,Wednesday,May,Spring,5389
6/11/2023,17,18,Solar,162,Sunday,June,Summer,5511
7/10/2020,11,12,Wind,192,Friday,July,Summer,5812
8/6/2023,18,19,Wind,218,Sunday,August,Summer,12828
9/28/2022,12,13,Solar,271,Wednesday,September,Fall,6478
4/17/2025,21,22,Wind,107,Thursday,April,Spring,2201
2/28/2023,22,23,Wind,59,Tuesday,February,Winter,7116
8/17/2020,16,17,Wind,230,Monday,August,Summer,6027
5/13/2021,16,17,Solar,133,Thursday,May,Spring,4826
8/28/2020,16,17,Wind,241,Friday,August,Summer,8440
2/28/2021,1,2,Wind,59,Sunday,February,Winter,8031
3/22/2024,10,11,Solar,82,Friday,March,Spring,7476
5/4/2022,20,21,Wind,124,Wednesday,May,Spring,1854
9/27/2022,12,13,Wind,270,Tuesday,September,Fall,12571
8/8/2025,2,3,Wind,220,Friday,August,Summer,1497
7/20/2021,20,21,Wind,201,Tuesday,July,Summer,2246
11/6/2023,16,17,Wind,310,Monday,November,Fall,9657
10/9/2022,18,19,Wind,282,Sunday,October,Fall,2019
3/3/2021,17,18,Wind,62,Wednesday,March,Spring,1043
6/27/2021,0,1,Wind,178,Sunday,June,Summer,3833
5/27/2024,12,13,Solar,148,Monday,May,Spring,6999
10/26/2021,18,19,Wind,299,Tuesday,October,Fall,2863
7/31/2020,15,16,Solar,213,Friday,July,Summer,5827
3/27/2023,16,17,Solar,86,Monday,March,Spring,7513
10/8/2023,8,9,Wind,281,Sunday,October,Fall,1493
7/4/2020,14,15,Wind,186,Saturday,July,Summer,12039
1/29/2025,23,0,Wind,29,Wednesday,January,Winter,6217
4/20/2025,23,0,Wind,110,Sunday,April,Spring,4459
9/11/2022,7,8,Wind,254,Sunday,September,Fall,587
2/15/2020,15,16,Wind,46,Saturday,February,Winter,10985
5/14/2025,23,0,Wind,134,Wednesday,May,Spring,6132
3/5/2021,10,11,Wind,64,Friday,March,Spring,7772
10/26/2023,1,2,Wind,299,Thursday,October,Fall,4909
10/24/2025,1,2,Wind,297,Friday,October,Fall,14684
10/27/2023,2,3,Wind,300,Friday,October,Fall,8268
6/16/2025,15,16,Solar,167,Monday,June,Summer,10527
1/7/2020,3,4,Wind,7,Tuesday,January,Winter,3967
7/22/2025,0,1,Wind,203,Tuesday,July,Summer,7645
3/15/2023,9,10,Solar,74,Wednesday,March,Spring,4554
10/6/2020,11,12,Wind,280,Tuesday,October,Fall,11671
10/15/2024,7,8,Wind,289,Tuesday,October,Fall,3772
2/18/2025,19,20,Wind,49,Tuesday,February,Winter,11327
11/25/2020,14,15,Wind,330,Wednesday,November,Fall,4090
5/22/2024,23,0,Wind,143,Wednesday,May,Spring,3024
1/22/2021,10,11,Wind,22,Friday,January,Winter,3354
9/10/2023,16,17,Solar,253,Sunday,September,Fall,6517
2/14/2020,19,20,Wind,45,Friday,February,Winter,4429
1/11/2022,12,13,Solar,11,Tuesday,January,Winter,5018
4/6/2022,10,11,Wind,96,Wednesday,April,Spring,7764
12/19/2020,10,11,Wind,354,Saturday,December,Winter,10892
1/24/2023,12,13,Wind,24,Tuesday,January,Winter,6696
7/1/2021,18,19,Solar,182,Thursday,July,Summer,3022
10/25/2024,12,13,Wind,299,Friday,October,Fall,6893
11/14/2021,12,13,Wind,318,Sunday,November,Fall,4665
4/17/2021,4,5,Wind,107,Saturday,April,Spring,4834
8/6/2024,22,23,Wind,219,Tuesday,August,Summer,2097
8/23/2024,2,3,Wind,236,Friday,August,Summer,9509
2/26/2023,17,18,Wind,57,Sunday,February,Winter,18051
1/7/2023,5,6,Wind,7,Saturday,January,Winter,10262
6/3/2020,23,0,Wind,155,Wednesday,June,Summer,3683
10/11/2024,17,18,Solar,285,Friday,October,Fall,3556
9/26/2020,9,10,Wind,270,Saturday,September,Fall,11246
6/11/2020,22,23,Wind,163,Thursday,June,Summer,3909
1/28/2020,10,11,Wind,28,Tuesday,January,Winter,12987
1/21/2025,0,1,Wind,21,Tuesday,January,Winter,1210
2/7/2023,11,12,Wind,38,Tuesday,February,Winter,9517
8/17/2024,22,23,Wind,230,Saturday,August,Summer,2408
4/7/2020,19,20,Wind,98,Tuesday,April,Spring,1971
11/18/2021,8,9,Wind,322,Thursday,November,Fall,1817
10/19/2020,18,19,Wind,293,Monday,October,Fall,6659
10/13/2025,17,18,Wind,286,Monday,October,Fall,9362
1/18/2024,8,9,Wind,18,Thursday,January,Winter,7755
12/9/2020,3,4,Wind,344,Wednesday,December,Winter,2518
5/18/2022,11,12,Solar,138,Wednesday,May,Spring,5814
11/26/2021,14,15,Wind,330,Friday,November,Fall,12653
4/21/2022,4,5,Wind,111,Thursday,April,Spring,3354
11/16/2021,17,18,Wind,320,Tuesday,November,Fall,997
3/3/2025,2,3,Wind,62,Monday,March,Spring,3177
11/15/2021,22,23,Wind,319,Monday,November,Fall,1190
1/28/2024,22,23,Wind,28,Sunday,January,Winter,9203
11/24/2020,15,16,Wind,329,Tuesday,November,Fall,3478
12/28/2020,10,11,Wind,363,Monday,December,Winter,8666
5/26/2021,17,18,Wind,146,Wednesday,May,Spring,8501
3/20/2023,12,13,Solar,79,Monday,March,Spring,8613
9/29/2023,0,1,Wind,272,Friday,September,Fall,6503
5/28/2024,12,13,Wind,149,Tuesday,May,Spring,12992
5/7/2023,4,5,Wind,127,Sunday,May,Spring,1644
3/7/2020,13,14,Wind,67,Saturday,March,Spring,5851
8/21/2025,18,19,Wind,233,Thursday,August,Summer,9974
8/16/2023,7,8,Wind,228,Wednesday,August,Summer,2047
11/14/2020,17,18,Wind,319,Saturday,November,Fall,9187
6/9/2024,9,10,Solar,161,Sunday,June,Summer,2265
4/28/2024,14,15,Wind,119,Sunday,April,Spring,7361
10/20/2025,1,2,Wind,293,Monday,October,Fall,13116
6/10/2025,22,23,Wind,161,Tuesday,June,Summer,1822
8/25/2022,10,11,Solar,237,Thursday,August,Summer,4870
7/11/2025,13,14,Solar,192,Friday,July,Summer,13057
6/19/2020,8,9,Solar,171,Friday,June,Summer,2120
10/2/2023,1,2,Wind,275,Monday,October,Fall,2511
12/24/2024,6,7,Wind,359,Tuesday,December,Winter,3087
6/21/2024,18,19,Wind,173,Friday,June,Summer,8537
11/10/2024,3,4,Wind,315,Sunday,November,Fall,699
6/9/2024,16,17,Solar,161,Sunday,June,Summer,4699
9/16/2020,10,11,Solar,260,Wednesday,September,Fall,2486
4/19/2020,0,1,Wind,110,Sunday,April,Spring,1476
5/22/2020,4,5,Wind,143,Friday,May,Spring,3981
1/13/2021,14,15,Wind,13,Wednesday,January,Winter,8363
8/26/2020,22,23,Wind,239,Wednesday,August,Summer,2102
1/3/2023,15,16,Wind,3,Tuesday,January,Winter,9035
6/1/2024,0,1,Wind,153,Saturday,June,Summer,6325
12/27/2021,4,5,Wind,361,Monday,December,Winter,4859
3/10/2020,19,20,Wind,70,Tuesday,March,Spring,11560
1/12/2024,10,11,Wind,12,Friday,January,Winter,7101
5/13/2025,3,4,Wind,133,Tuesday,May,Spring,778
7/11/2023,12,13,Solar,192,Tuesday,July,Summer,9090
5/2/2024,22,23,Wind,123,Thursday,May,Spring,10099
4/11/2024,15,16,Solar,102,Thursday,April,Spring,7830
4/2/2024,3,4,Wind,93,Tuesday,April,Spring,12881
1/5/2020,20,21,Wind,5,Sunday,January,Winter,1866
5/6/2025,2,3,Wind,126,Tuesday,May,Spring,10973
11/1/2024,11,12,Solar,306,Friday,November,Fall,5193
11/5/2021,11,12,Solar,309,Friday,November,Fall,4471
1/23/2022,14,15,Solar,23,Sunday,January,Winter,5443
7/12/2021,6,7,Wind,193,Monday,July,Summer,2449
12/17/2021,9,10,Wind,351,Friday,December,Winter,7522
4/12/2025,10,11,Wind,102,Saturday,April,Spring,9316
12/2/2022,22,23,Wind,336,Friday,December,Winter,6777
12/26/2023,15,16,Wind,360,Tuesday,December,Winter,4387
1/11/2024,22,23,Wind,11,Thursday,January,Winter,7264
1/30/2022,8,9,Wind,30,Sunday,January,Winter,1935
5/9/2021,0,1,Wind,129,Sunday,May,Spring,6909
6/8/2024,8,9,Solar,160,Saturday,June,Summer,3057
1/3/2022,3,4,Wind,3,Monday,January,Winter,9945
3/23/2021,2,3,Wind,82,Tuesday,March,Spring,2209
12/24/2020,6,7,Wind,359,Thursday,December,Winter,10656
10/10/2024,19,20,Wind,284,Thursday,October,Fall,3695
5/6/2023,12,13,Solar,126,Saturday,May,Spring,6882
6/26/2021,4,5,Wind,177,Saturday,June,Summer,185
9/17/2025,21,22,Wind,260,Wednesday,September,Fall,2855
4/24/2023,16,17,Wind,114,Monday,April,Spring,9691
9/6/2020,10,11,Solar,250,Sunday,September,Fall,3044
9/6/2023,5,6,Wind,249,Wednesday,September,Fall,2295
4/17/2020,2,3,Wind,108,Friday,April,Spring,2140
3/20/2025,16,17,Wind,79,Thursday,March,Spring,7679
7/16/2021,11,12,Wind,197,Friday,July,Summer,6977
3/18/2025,10,11,Wind,77,Tuesday,March,Spring,15177
9/25/2025,17,18,Wind,268,Thursday,September,Fall,4486
2/22/2024,23,0,Wind,53,Thursday,February,Winter,15643
6/20/2022,13,14,Solar,171,Monday,June,Summer,7456
6/12/2022,8,9,Solar,163,Sunday,June,Summer,3007
3/9/2023,18,19,Wind,68,Thursday,March,Spring,13804
5/9/2022,6,7,Wind,129,Monday,May,Spring,2226
5/5/2024,7,8,Wind,126,Sunday,May,Spring,2579
12/4/2023,7,8,Wind,338,Monday,December,Winter,13712
8/4/2023,14,15,Solar,216,Friday,August,Summer,9711
4/6/2020,3,4,Wind,97,Monday,April,Spring,8031
9/15/2024,5,6,Wind,259,Sunday,September,Fall,3382
4/5/2021,3,4,Wind,95,Monday,April,Spring,3346
1/27/2024,3,4,Wind,27,Saturday,January,Winter,2096
3/12/2023,4,5,Wind,71,Sunday,March,Spring,6830
6/8/2022,21,22,Wind,159,Wednesday,June,Summer,6976
2/17/2021,13,14,Wind,48,Wednesday,February,Winter,11476
8/16/2020,1,2,Wind,229,Sunday,August,Summer,2149
7/7/2020,12,13,Solar,189,Tuesday,July,Summer,5078
10/31/2023,13,14,Wind,304,Tuesday,October,Fall,12274
2/11/2024,20,21,Wind,42,Sunday,February,Winter,8630
6/12/2025,10,11,Solar,163,Thursday,June,Summer,9373
10/28/2024,4,5,Wind,302,Monday,October,Fall,1027
7/11/2022,23,0,Wind,192,Monday,July,Summer,4311
12/25/2023,19,20,Wind,359,Monday,December,Winter,12990
3/27/2022,12,13,Solar,86,Sunday,March,Spring,6255
2/14/2022,23,0,Wind,45,Monday,February,Winter,6512
1/29/2025,6,7,Wind,29,Wednesday,January,Winter,12896
3/12/2021,0,1,Wind,71,Friday,March,Spring,12379
7/5/2022,2,3,Wind,186,Tuesday,July,Summer,3640
8/19/2021,13,14,Solar,231,Thursday,August,Summer,4835
8/5/2025,12,13,Solar,217,Tuesday,August,Summer,7071
8/28/2024,22,23,Wind,241,Wednesday,August,Summer,2348
12/27/2021,16,17,Wind,361,Monday,December,Winter,9445
9/18/2021,2,3,Wind,261,Saturday,September,Fall,1168
9/23/2025,14,15,Wind,266,Tuesday,September,Fall,13351
3/20/2020,6,7,Wind,80,Friday,March,Spring,3577
4/27/2020,17,18,Wind,118,Monday,April,Spring,2626
3/22/2025,16,17,Wind,81,Saturday,March,Spring,7212
6/12/2020,4,5,Wind,164,Friday,June,Summer,4286
9/12/2020,1,2,Wind,256,Saturday,September,Fall,1147
4/18/2021,11,12,Solar,108,Sunday,April,Spring,5661
7/10/2024,13,14,Solar,192,Wednesday,July,Summer,10399
10/7/2023,6,7,Wind,280,Saturday,October,Fall,1898
12/8/2024,8,9,Wind,343,Sunday,December,Winter,17304
3/17/2024,4,5,Wind,77,Sunday,March,Spring,3960
9/19/2023,3,4,Wind,262,Tuesday,September,Fall,3900
10/21/2020,9,10,Wind,295,Wednesday,October,Fall,13322
9/16/2025,16,17,Wind,259,Tuesday,September,Fall,13968
7/8/2022,18,19,Wind,189,Friday,July,Summer,6914
8/29/2022,20,21,Wind,241,Monday,August,Summer,3839
3/7/2024,9,10,Wind,67,Thursday,March,Spring,9031
6/16/2021,19,20,Wind,167,Wednesday,June,Summer,1787
10/21/2020,10,11,Wind,295,Wednesday,October,Fall,14414
1/10/2025,6,7,Wind,10,Friday,January,Winter,3643
3/27/2024,23,0,Wind,87,Wednesday,March,Spring,13594
1/20/2022,19,20,Wind,20,Thursday,January,Winter,5272
10/23/2023,20,21,Wind,296,Monday,October,Fall,4431
11/13/2023,2,3,Wind,317,Monday,November,Fall,10550
10/24/2023,13,14,Wind,297,Tuesday,October,Fall,9197
9/13/2024,15,16,Solar,257,Friday,September,Fall,11435
5/8/2025,3,4,Wind,128,Thursday,May,Spring,5647
6/26/2023,12,13,Solar,177,Monday,June,Summer,9710
8/17/2024,16,17,Solar,230,Saturday,August,Summer,5446
3/9/2022,15,16,Wind,68,Wednesday,March,Spring,7922
11/29/2020,4,5,Wind,334,Sunday,November,Fall,4505
5/23/2020,19,20,Wind,144,Saturday,May,Spring,7295
11/4/2022,23,0,Wind,308,Friday,November,Fall,4294
6/2/2024,23,0,Wind,154,Sunday,June,Summer,3481
12/16/2024,10,11,Wind,351,Monday,December,Winter,7735
2/6/2021,20,21,Wind,37,Saturday,February,Winter,5019
11/9/2021,23,0,Wind,313,Tuesday,November,Fall,871
5/12/2022,0,1,Wind,132,Thursday,May,Spring,5274
5/11/2020,18,19,Wind,132,Monday,May,Spring,11450
3/11/2021,10,11,Wind,70,Thursday,March,Spring,15343
7/19/2021,17,18,Wind,200,Monday,July,Summer,7420
7/11/2020,18,19,Wind,193,Saturday,July,Summer,4848
3/20/2024,20,21,Wind,80,Wednesday,March,Spring,1807
1/29/2025,5,6,Wind,29,Wednesday,January,Winter,13127
2/4/2024,3,4,Wind,35,Sunday,February,Winter,6061
3/2/2025,12,13,Solar,61,Sunday,March,Spring,12731
2/6/2025,2,3,Wind,37,Thursday,February,Winter,3446
9/12/2024,22,23,Wind,256,Thursday,September,Fall,3733
4/22/2020,0,1,Wind,113,Wednesday,April,Spring,4913
11/2/2020,10,11,Wind,307,Monday,November,Fall,12708
9/17/2022,17,18,Wind,260,Saturday,September,Fall,8890
4/20/2025,8,9,Wind,110,Sunday,April,Spring,8177
1/25/2021,16,17,Wind,25,Monday,January,Winter,4070
12/4/2020,8,9,Wind,339,Friday,December,Winter,9046
8/1/2023,15,16,Wind,213,Tuesday,August,Summer,16234
10/31/2022,23,0,Wind,304,Monday,October,Fall,12858
11/12/2022,12,13,Solar,316,Saturday,November,Fall,5376
8/20/2023,16,17,Solar,232,Sunday,August,Summer,6206
6/14/2023,21,22,Wind,165,Wednesday,June,Summer,3516
4/23/2022,11,12,Wind,113,Saturday,April,Spring,7331
10/2/2023,18,19,Wind,275,Monday,October,Fall,4842
1/3/2024,18,19,Wind,3,Wednesday,January,Winter,18044
10/14/2021,8,9,Wind,287,Thursday,October,Fall,2391
1/12/2020,7,8,Wind,12,Sunday,January,Winter,7395
7/8/2023,18,19,Solar,189,Saturday,July,Summer,4324
4/6/2025,18,19,Wind,96,Sunday,April,Spring,10223
11/1/2021,4,5,Wind,305,Monday,November,Fall,8718
4/20/2023,13,14,Wind,110,Thursday,April,Spring,12448
6/29/2024,23,0,Wind,181,Saturday,June,Summer,3681
11/28/2022,19,20,Wind,332,Monday,November,Fall,3265
3/10/2024,4,5,Wind,70,Sunday,March,Spring,2756
3/28/2021,3,4,Wind,87,Sunday,March,Spring,3508
8/25/2023,1,2,Wind,237,Friday,August,Summer,2215
10/19/2021,22,23,Wind,292,Tuesday,October,Fall,10753
9/2/2024,9,10,Solar,246,Monday,September,Fall,4316
5/23/2023,7,8,Wind,143,Tuesday,May,Spring,6042
5/3/2020,4,5,Wind,124,Sunday,May,Spring,1977
5/9/2024,4,5,Wind,130,Thursday,May,Spring,3813
5/17/2024,8,9,Solar,138,Friday,May,Spring,3361
2/12/2023,6,7,Wind,43,Sunday,February,Winter,2940
7/29/2025,16,17,Solar,210,Tuesday,July,Summer,10808
9/29/2021,23,0,Wind,272,Wednesday,September,Fall,2764
7/4/2020,20,21,Wind,186,Saturday,July,Summer,7973
12/27/2022,20,21,Wind,361,Tuesday,December,Winter,9837
11/12/2024,5,6,Wind,317,Tuesday,November,Fall,9736
9/6/2022,22,23,Wind,249,Tuesday,September,Fall,2980
11/26/2025,11,12,Solar,330,Wednesday,November,Fall,6772
5/20/2020,13,14,Solar,141,Wednesday,May,Spring,5433
8/30/2025,5,6,Wind,242,Saturday,August,Summer,4447
4/14/2024,17,18,Solar,105,Sunday,April,Spring,5047
9/30/2021,16,17,Wind,273,Thursday,September,Fall,6986
8/25/2024,2,3,Wind,238,Sunday,August,Summer,6839
3/23/2024,17,18,Wind,83,Saturday,March,Spring,15588
3/7/2022,14,15,Wind,66,Monday,March,Spring,10522
8/29/2021,13,14,Solar,241,Sunday,August,Summer,7380
5/3/2020,16,17,Solar,124,Sunday,May,Spring,4316
3/4/2025,6,7,Wind,63,Tuesday,March,Spring,2904
8/19/2022,19,20,Wind,231,Friday,August,Summer,4511
11/5/2024,21,22,Wind,310,Tuesday,November,Fall,91
11/26/2020,13,14,Solar,331,Thursday,November,Fall,3501
11/22/2023,20,21,Wind,326,Wednesday,November,Fall,4282
3/30/2021,6,7,Wind,89,Tuesday,March,Spring,2984
9/25/2025,7,8,Wind,268,Thursday,September,Fall,3047
8/31/2022,10,11,Solar,243,Wednesday,August,Summer,4337
1/15/2024,8,9,Wind,15,Monday,January,Winter,3779
8/19/2022,6,7,Wind,231,Friday,August,Summer,2570
7/17/2022,11,12,Solar,198,Sunday,July,Summer,8145
2/14/2022,8,9,Wind,45,Monday,February,Winter,11199
12/7/2020,0,1,Wind,342,Monday,December,Winter,1051
1/3/2025,20,21,Wind,3,Friday,January,Winter,3705
10/10/2024,6,7,Wind,284,Thursday,October,Fall,8274
7/13/2024,19,20,Solar,195,Saturday,July,Summer,2289
10/13/2021,10,11,Solar,286,Wednesday,October,Fall,4051
2/19/2021,7,8,Wind,50,Friday,February,Winter,5554
3/8/2025,20,21,Wind,67,Saturday,March,Spring,12639
11/3/2020,22,23,Wind,308,Tuesday,November,Fall,3571
6/6/2024,22,23,Wind,158,Thursday,June,Summer,2561
9/30/2024,16,17,Wind,274,Monday,September,Fall,11102
4/11/2020,2,3,Wind,102,Saturday,April,Spring,3011
6/29/2022,8,9,Solar,180,Wednesday,June,Summer,2385
6/15/2021,8,9,Solar,166,Tuesday,June,Summer,2124
8/14/2022,2,3,Wind,226,Sunday,August,Summer,4666
5/5/2022,3,4,Wind,125,Thursday,May,Spring,2050
8/7/2022,20,21,Wind,219,Sunday,August,Summer,6195
8/31/2024,16,17,Solar,244,Saturday,August,Summer,7347
6/23/2022,18,19,Wind,174,Thursday,June,Summer,3896
8/10/2025,7,8,Wind,222,Sunday,August,Summer,3182
6/7/2020,6,7,Wind,159,Sunday,June,Summer,2147
1/1/2021,4,5,Wind,1,Friday,January,Winter,998
1/25/2021,2,3,Wind,25,Monday,January,Winter,6191
8/20/2022,23,0,Wind,232,Saturday,August,Summer,981
3/8/2021,22,23,Wind,67,Monday,March,Spring,2943
10/11/2023,23,0,Wind,284,Wednesday,October,Fall,7262
12/31/2020,1,2,Wind,366,Thursday,December,Winter,5746
3/31/2021,9,10,Wind,90,Wednesday,March,Spring,3600
8/23/2020,13,14,Wind,236,Sunday,August,Summer,8729
12/1/2021,21,22,Wind,335,Wednesday,December,Winter,5719
1/11/2024,14,15,Wind,11,Thursday,January,Winter,8407
4/19/2022,21,22,Wind,109,Tuesday,April,Spring,4160
7/30/2023,22,23,Wind,211,Sunday,July,Summer,5928
5/20/2025,18,19,Wind,140,Tuesday,May,Spring,8914
6/13/2025,17,18,Solar,164,Friday,June,Summer,8341
4/30/2025,12,13,Solar,120,Wednesday,April,Spring,5410
7/6/2022,14,15,Solar,187,Wednesday,July,Summer,7868
6/7/2020,10,11,Solar,159,Sunday,June,Summer,3437
2/19/2021,16,17,Wind,50,Friday,February,Winter,6776
5/11/2024,0,1,Wind,132,Saturday,May,Spring,6497
7/7/2021,12,13,Solar,188,Wednesday,July,Summer,5172
7/20/2020,14,15,Solar,202,Monday,July,Summer,5919
2/24/2025,16,17,Wind,55,Monday,February,Winter,9544
4/15/2020,20,21,Wind,106,Wednesday,April,Spring,3450
6/2/2023,6,7,Wind,153,Friday,June,Summer,7517
1/19/2023,2,3,Wind,19,Thursday,January,Winter,3478
11/16/2021,19,20,Wind,320,Tuesday,November,Fall,1157
7/1/2025,4,5,Wind,182,Tuesday,July,Summer,1055
2/21/2023,9,10,Wind,52,Tuesday,February,Winter,3045
8/9/2024,7,8,Wind,222,Friday,August,Summer,5677
3/25/2020,9,10,Wind,85,Wednesday,March,Spring,4738
9/19/2024,15,16,Wind,263,Thursday,September,Fall,15959
8/24/2025,21,22,Wind,236,Sunday,August,Summer,3236
3/4/2022,18,19,Wind,63,Friday,March,Spring,3151
7/21/2023,21,22,Wind,202,Friday,July,Summer,3094
7/4/2025,18,19,Solar,185,Friday,July,Summer,5949
1/3/2024,7,8,Wind,3,Wednesday,January,Winter,17121
9/14/2025,18,19,Wind,257,Sunday,September,Fall,13786
6/30/2024,2,3,Wind,182,Sunday,June,Summer,3727
12/19/2023,16,17,Wind,353,Tuesday,December,Winter,12111
3/26/2022,13,14,Wind,85,Saturday,March,Spring,13203
2/9/2021,5,6,Wind,40,Tuesday,February,Winter,1784
2/5/2025,3,4,Wind,36,Wednesday,February,Winter,2214
5/31/2025,5,6,Wind,151,Saturday,May,Spring,1059
10/31/2021,7,8,Wind,304,Sunday,October,Fall,10139
4/27/2025,14,15,Solar,117,Sunday,April,Spring,4067
2/13/2022,21,22,Wind,44,Sunday,February,Winter,15035
6/23/2024,5,6,Wind,175,Sunday,June,Summer,2326
4/21/2025,11,12,Solar,111,Monday,April,Spring,8025
3/16/2021,5,6,Wind,75,Tuesday,March,Spring,3210
4/29/2023,2,3,Wind,119,Saturday,April,Spring,1638
12/23/2022,20,21,Wind,357,Friday,December,Winter,12401
1/30/2021,16,17,Wind,30,Saturday,January,Winter,6987
7/30/2020,1,2,Wind,212,Thursday,July,Summer,2163
5/5/2021,18,19,Wind,125,Wednesday,May,Spring,8828
2/4/2021,23,0,Wind,35,Thursday,February,Winter,3467
1/19/2021,9,10,Wind,19,Tuesday,January,Winter,11722
7/21/2023,23,0,Wind,202,Friday,July,Summer,3035
6/8/2023,4,5,Wind,159,Thursday,June,Summer,4806
5/14/2023,21,22,Wind,134,Sunday,May,Spring,3817
6/19/2025,6,7,Wind,170,Thursday,June,Summer,4893
5/18/2023,10,11,Solar,138,Thursday,May,Spring,7144
2/15/2025,7,8,Wind,46,Saturday,February,Winter,5705
11/20/2024,12,13,Wind,325,Wednesday,November,Fall,9330
9/22/2020,15,16,Solar,266,Tuesday,September,Fall,2638
12/15/2024,17,18,Wind,350,Sunday,December,Winter,8504
11/20/2024,8,9,Wind,325,Wednesday,November,Fall,5746
6/14/2023,0,1,Wind,165,Wednesday,June,Summer,4779
3/11/2022,17,18,Wind,70,Friday,March,Spring,11304
4/28/2023,18,19,Wind,118,Friday,April,Spring,6113
4/1/2024,14,15,Wind,92,Monday,April,Spring,9631
9/13/2023,14,15,Solar,256,Wednesday,September,Fall,5717
5/29/2021,10,11,Solar,149,Saturday,May,Spring,4347
4/1/2024,19,20,Wind,92,Monday,April,Spring,9379
12/3/2021,2,3,Wind,337,Friday,December,Winter,2724
11/9/2023,18,19,Wind,313,Thursday,November,Fall,13237
1/13/2023,7,8,Wind,13,Friday,January,Winter,14510
1/22/2023,8,9,Wind,22,Sunday,January,Winter,5974
4/13/2020,7,8,Wind,104,Monday,April,Spring,5354
6/29/2022,3,4,Wind,180,Wednesday,June,Summer,1211
4/29/2020,20,21,Wind,120,Wednesday,April,Spring,6006
10/5/2021,14,15,Wind,278,Tuesday,October,Fall,12713
8/27/2025,8,9,Wind,239,Wednesday,August,Summer,3210
6/23/2023,4,5,Wind,174,Friday,June,Summer,1872
5/4/2021,4,5,Wind,124,Tuesday,May,Spring,13020
5/3/2021,3,4,Wind,123,Monday,May,Spring,632
9/10/2023,2,3,Wind,253,Sunday,September,Fall,3759
7/22/2024,10,11,Solar,204,Monday,July,Summer,7974
6/20/2020,20,21,Wind,172,Saturday,June,Summer,1472
9/1/2024,1,2,Wind,245,Sunday,September,Fall,4179
8/7/2023,15,16,Solar,219,Monday,August,Summer,9917
8/9/2022,19,20,Wind,221,Tuesday,August,Summer,7289
5/11/2021,0,1,Wind,131,Tuesday,May,Spring,2157
2/5/2021,23,0,Wind,36,Friday,February,Winter,2434
11/23/2024,14,15,Wind,328,Saturday,November,Fall,19392
2/4/2025,18,19,Wind,35,Tuesday,February,Winter,3899
12/24/2020,0,1,Wind,359,Thursday,December,Winter,11579
6/19/2023,11,12,Solar,170,Monday,June,Summer,5286
2/24/2024,6,7,Wind,55,Saturday,February,Winter,7785
11/20/2023,20,21,Wind,324,Monday,November,Fall,8192
10/26/2021,10,11,Wind,299,Tuesday,October,Fall,3866
9/3/2021,18,19,Solar,246,Friday,September,Fall,1713
8/21/2022,2,3,Wind,233,Sunday,August,Summer,603
5/17/2024,22,23,Wind,138,Friday,May,Spring,897
3/5/2024,20,21,Wind,65,Tuesday,March,Spring,3263
5/24/2023,7,8,Wind,144,Wednesday,May,Spring,5947
9/13/2020,12,13,Solar,257,Sunday,September,Fall,3974
10/7/2021,2,3,Wind,280,Thursday,October,Fall,1888
10/26/2025,3,4,Wind,299,Sunday,October,Fall,9730
11/13/2024,19,20,Wind,318,Wednesday,November,Fall,5232
3/5/2025,0,1,Wind,64,Wednesday,March,Spring,2433
3/17/2022,0,1,Wind,76,Thursday,March,Spring,5222
11/3/2022,8,9,Wind,307,Thursday,November,Fall,10595
4/22/2023,18,19,Wind,112,Saturday,April,Spring,6589
9/6/2024,15,16,Solar,250,Friday,September,Fall,6409
8/23/2021,17,18,Wind,235,Monday,August,Summer,7555
2/6/2020,14,15,Solar,37,Thursday,February,Winter,4784
10/24/2020,21,22,Wind,298,Saturday,October,Fall,11731
4/6/2021,9,10,Wind,96,Tuesday,April,Spring,4798
11/12/2020,3,4,Wind,317,Thursday,November,Fall,7385
4/22/2021,5,6,Wind,112,Thursday,April,Spring,5855
6/18/2021,22,23,Wind,169,Friday,June,Summer,3480
12/6/2022,21,22,Wind,340,Tuesday,December,Winter,2155
11/17/2021,4,5,Wind,321,Wednesday,November,Fall,1951
10/18/2025,10,11,Solar,291,Saturday,October,Fall,8416
4/15/2020,2,3,Wind,106,Wednesday,April,Spring,6207
2/17/2020,22,23,Wind,48,Monday,February,Winter,10239
3/16/2025,4,5,Wind,75,Sunday,March,Spring,8436
5/9/2021,3,4,Wind,129,Sunday,May,Spring,7771
8/12/2020,8,9,Wind,225,Wednesday,August,Summer,2236
10/13/2021,22,23,Wind,286,Wednesday,October,Fall,2205
9/11/2024,21,22,Wind,255,Wednesday,September,Fall,5700
11/7/2024,8,9,Wind,312,Thursday,November,Fall,2657
3/31/2020,23,0,Wind,91,Tuesday,March,Spring,7111
10/18/2023,9,10,Wind,291,Wednesday,October,Fall,11888
12/30/2021,5,6,Wind,364,Thursday,December,Winter,8676
6/5/2021,9,10,Solar,156,Saturday,June,Summer,4441
2/18/2024,14,15,Wind,49,Sunday,February,Winter,13623
8/7/2020,11,12,Solar,220,Friday,August,Summer,3922
2/12/2024,22,23,Wind,43,Monday,February,Winter,3745
3/9/2024,4,5,Wind,69,Saturday,March,Spring,11240
9/5/2022,8,9,Wind,248,Monday,September,Fall,3208
10/14/2020,3,4,Wind,288,Wednesday,October,Fall,1902
10/12/2023,13,14,Solar,285,Thursday,October,Fall,9093
12/20/2023,0,1,Wind,354,Wednesday,December,Winter,9136
11/28/2021,22,23,Wind,332,Sunday,November,Fall,5114
8/29/2024,3,4,Wind,242,Thursday,August,Summer,2495
4/22/2023,9,10,Wind,112,Saturday,April,Spring,6597
10/2/2024,14,15,Solar,276,Wednesday,October,Fall,5400
5/25/2023,11,12,Wind,145,Thursday,May,Spring,14511
1/21/2024,17,18,Wind,21,Sunday,January,Winter,14481
5/21/2020,0,1,Wind,142,Thursday,May,Spring,2748
3/4/2023,18,19,Wind,63,Saturday,March,Spring,3131
3/21/2022,9,10,Wind,80,Monday,March,Spring,5460
1/2/2023,10,11,Wind,2,Monday,January,Winter,5987
1/20/2023,20,21,Wind,20,Friday,January,Winter,5467
7/22/2023,7,8,Wind,203,Saturday,July,Summer,2381
11/17/2025,9,10,Wind,321,Monday,November,Fall,8893
1/15/2025,22,23,Wind,15,Wednesday,January,Winter,3441
10/15/2023,18,19,Wind,288,Sunday,October,Fall,3213
7/5/2024,15,16,Solar,187,Friday,July,Summer,11741
8/15/2024,17,18,Solar,228,Thursday,August,Summer,8514
10/1/2021,13,14,Wind,274,Friday,October,Fall,9911
1/21/2022,4,5,Wind,21,Friday,January,Winter,4963
12/19/2022,7,8,Wind,353,Monday,December,Winter,13202
8/13/2025,5,6,Wind,225,Wednesday,August,Summer,1029
12/22/2021,9,10,Wind,356,Wednesday,December,Winter,3623
5/26/2025,17,18,Wind,146,Monday,May,Spring,10107
3/19/2024,21,22,Wind,79,Tuesday,March,Spring,1227
1/17/2022,1,2,Wind,17,Monday,January,Winter,1358
10/15/2023,19,20,Wind,288,Sunday,October,Fall,3573
2/16/2025,12,13,Solar,47,Sunday,February,Winter,8762
10/7/2022,2,3,Wind,280,Friday,October,Fall,1154
9/15/2021,4,5,Wind,258,Wednesday,September,Fall,1977
3/6/2025,22,23,Wind,65,Thursday,March,Spring,10880
12/9/2021,15,16,Wind,343,Thursday,December,Winter,5400
1/2/2023,0,1,Wind,2,Monday,January,Winter,11969
4/17/2021,23,0,Wind,107,Saturday,April,Spring,5520
7/30/2021,2,3,Wind,211,Friday,July,Summer,1817
8/24/2020,19,20,Wind,237,Monday,August,Summer,1914
5/15/2020,3,4,Wind,136,Friday,May,Spring,7329
11/24/2023,16,17,Wind,328,Friday,November,Fall,11600
9/6/2023,22,23,Wind,249,Wednesday,September,Fall,3137
11/3/2025,16,17,Wind,307,Monday,November,Fall,8685
10/27/2025,16,17,Wind,300,Monday,October,Fall,15610
6/28/2025,0,1,Wind,179,Saturday,June,Summer,1627
6/10/2025,3,4,Wind,161,Tuesday,June,Summer,1674
5/31/2022,2,3,Wind,151,Tuesday,May,Spring,1818
10/14/2020,14,15,Wind,288,Wednesday,October,Fall,7046
8/14/2023,7,8,Wind,226,Monday,August,Summer,2587
7/23/2020,4,5,Wind,205,Thursday,July,Summer,1527
4/16/2022,12,13,Solar,106,Saturday,April,Spring,10869
4/16/2025,18,19,Wind,106,Wednesday,April,Spring,4853
6/5/2021,0,1,Wind,156,Saturday,June,Summer,2191
4/24/2020,22,23,Wind,115,Friday,April,Spring,2176
11/23/2023,12,13,Wind,327,Thursday,November,Fall,7931
11/10/2023,4,5,Wind,314,Friday,November,Fall,12591
9/24/2024,9,10,Wind,268,Tuesday,September,Fall,8855
2/22/2025,15,16,Wind,53,Saturday,February,Winter,10495
5/5/2025,5,6,Wind,125,Monday,May,Spring,9828
3/5/2025,10,11,Solar,64,Wednesday,March,Spring,8585
6/28/2024,4,5,Wind,180,Friday,June,Summer,3214
10/16/2020,11,12,Wind,290,Friday,October,Fall,4358
1/6/2023,5,6,Wind,6,Friday,January,Winter,7744
9/5/2022,5,6,Wind,248,Monday,September,Fall,2599
11/25/2022,12,13,Wind,329,Friday,November,Fall,6116
12/14/2020,0,1,Wind,349,Monday,December,Winter,9700
12/23/2023,9,10,Wind,357,Saturday,December,Winter,14222
10/4/2022,19,20,Wind,277,Tuesday,October,Fall,937
8/26/2020,7,8,Wind,239,Wednesday,August,Summer,8615
10/7/2023,2,3,Wind,280,Saturday,October,Fall,1790
1/26/2020,9,10,Wind,26,Sunday,January,Winter,3118
1/5/2022,20,21,Wind,5,Wednesday,January,Winter,4018
11/26/2025,20,21,Wind,330,Wednesday,November,Fall,2920
6/15/2022,22,23,Wind,166,Wednesday,June,Summer,2879
9/26/2021,1,2,Wind,269,Sunday,September,Fall,2233
7/28/2023,21,22,Wind,209,Friday,July,Summer,3768
6/4/2022,8,9,Wind,155,Saturday,June,Summer,3189
1/10/2020,10,11,Wind,10,Friday,January,Winter,6407
9/30/2024,4,5,Wind,274,Monday,September,Fall,12240
10/1/2024,5,6,Wind,275,Tuesday,October,Fall,7834
11/18/2025,21,22,Wind,322,Tuesday,November,Fall,8784
4/3/2024,23,0,Wind,94,Wednesday,April,Spring,11683
10/31/2025,2,3,Wind,304,Friday,October,Fall,10049
2/22/2025,2,3,Wind,53,Saturday,February,Winter,10894
7/27/2023,14,15,Wind,208,Thursday,July,Summer,16122
9/17/2024,18,19,Wind,261,Tuesday,September,Fall,13680
12/6/2021,10,11,Wind,340,Monday,December,Winter,3931
11/25/2023,2,3,Wind,329,Saturday,November,Fall,8586
2/26/2021,10,11,Wind,57,Friday,February,Winter,3948
7/3/2020,23,0,Wind,185,Friday,July,Summer,2522
3/19/2024,1,2,Wind,79,Tuesday,March,Spring,1178
11/12/2021,12,13,Solar,316,Friday,November,Fall,4637
9/20/2023,16,17,Wind,263,Wednesday,September,Fall,14551
1/23/2022,16,17,Wind,23,Sunday,January,Winter,3865
9/30/2024,12,13,Wind,274,Monday,September,Fall,20041
11/11/2020,22,23,Wind,316,Wednesday,November,Fall,7638
1/17/2021,4,5,Wind,17,Sunday,January,Winter,5008
11/26/2020,6,7,Wind,331,Thursday,November,Fall,2436
9/14/2023,5,6,Wind,257,Thursday,September,Fall,710
12/17/2020,7,8,Wind,352,Thursday,December,Winter,5368
11/10/2022,17,18,Wind,314,Thursday,November,Fall,3142
7/2/2022,22,23,Wind,183,Saturday,July,Summer,1832
3/17/2023,9,10,Wind,76,Friday,March,Spring,9108
3/29/2023,12,13,Solar,88,Wednesday,March,Spring,9902
6/27/2025,11,12,Solar,178,Friday,June,Summer,9500
2/9/2025,5,6,Wind,40,Sunday,February,Winter,3088
9/18/2020,14,15,Wind,262,Friday,September,Fall,6021
11/18/2024,7,8,Wind,323,Monday,November,Fall,9481
4/19/2022,11,12,Solar,109,Tuesday,April,Spring,4623
11/27/2020,10,11,Wind,332,Friday,November,Fall,2632
11/16/2020,11,12,Wind,321,Monday,November,Fall,9214
2/12/2020,2,3,Wind,43,Wednesday,February,Winter,9274
7/15/2021,0,1,Wind,196,Thursday,July,Summer,7907
11/27/2025,4,5,Wind,331,Thursday,November,Fall,6967
8/5/2024,14,15,Solar,218,Monday,August,Summer,8671
5/16/2021,20,21,Wind,136,Sunday,May,Spring,9142
2/24/2021,21,22,Wind,55,Wednesday,February,Winter,6699
3/5/2020,6,7,Wind,65,Thursday,March,Spring,5871
6/3/2024,1,2,Wind,155,Monday,June,Summer,3047
2/6/2025,7,8,Wind,37,Thursday,February,Winter,5595
9/2/2023,2,3,Wind,245,Saturday,September,Fall,2089
11/14/2022,16,17,Wind,318,Monday,November,Fall,4420
1/31/2020,9,10,Wind,31,Friday,January,Winter,6229
6/13/2021,7,8,Wind,164,Sunday,June,Summer,2420
8/14/2024,19,20,Wind,227,Wednesday,August,Summer,3688
5/25/2024,18,19,Solar,146,Saturday,May,Spring,3720
12/27/2020,22,23,Wind,362,Sunday,December,Winter,7389
4/1/2020,13,14,Solar,92,Wednesday,April,Spring,5326
1/18/2023,18,19,Wind,18,Wednesday,January,Winter,5216
3/13/2021,23,0,Wind,72,Saturday,March,Spring,11499
7/25/2024,9,10,Solar,207,Thursday,July,Summer,4811
12/25/2024,11,12,Solar,360,Wednesday,December,Winter,3467
6/23/2023,6,7,Wind,174,Friday,June,Summer,1435
4/22/2022,14,15,Solar,112,Friday,April,Spring,8327
3/16/2020,14,15,Wind,76,Monday,March,Spring,3423
6/6/2022,1,2,Wind,157,Monday,June,Summer,2710
12/11/2021,0,1,Wind,345,Saturday,December,Winter,10034
10/12/2021,8,9,Wind,285,Tuesday,October,Fall,2616
4/8/2025,11,12,Solar,98,Tuesday,April,Spring,9010
7/30/2025,11,12,Solar,211,Wednesday,July,Summer,7443
12/19/2020,8,9,Wind,354,Saturday,December,Winter,11340
7/6/2023,13,14,Solar,187,Thursday,July,Summer,7124
6/13/2021,15,16,Solar,164,Sunday,June,Summer,4905
7/11/2020,10,11,Solar,193,Saturday,July,Summer,4169
9/4/2020,18,19,Solar,248,Friday,September,Fall,2508
8/18/2020,21,22,Wind,231,Tuesday,August,Summer,697
6/23/2024,19,20,Solar,175,Sunday,June,Summer,3387
12/18/2020,5,6,Wind,353,Friday,December,Winter,5793
10/4/2025,6,7,Wind,277,Saturday,October,Fall,17093
3/12/2024,22,23,Wind,72,Tuesday,March,Spring,8894
10/21/2024,9,10,Wind,295,Monday,October,Fall,5133
3/11/2025,22,23,Wind,70,Tuesday,March,Spring,4647
8/6/2021,13,14,Wind,218,Friday,August,Summer,12722
1/25/2025,15,16,Wind,25,Saturday,January,Winter,5523
3/12/2020,3,4,Wind,72,Thursday,March,Spring,10434
12/28/2021,1,2,Wind,362,Tuesday,December,Winter,12227
6/8/2023,7,8,Wind,159,Thursday,June,Summer,4772
10/3/2024,11,12,Wind,277,Thursday,October,Fall,11198
1/18/2023,19,20,Wind,18,Wednesday,January,Winter,5226
6/6/2022,4,5,Wind,157,Monday,June,Summer,1864
12/8/2021,18,19,Wind,342,Wednesday,December,Winter,5364
3/15/2020,1,2,Wind,75,Sunday,March,Spring,3727
3/18/2022,12,13,Wind,77,Friday,March,Spring,14015
3/11/2022,20,21,Wind,70,Friday,March,Spring,10416
2/6/2025,16,17,Wind,37,Thursday,February,Winter,12071
4/23/2022,0,1,Wind,113,Saturday,April,Spring,5823
2/13/2023,14,15,Solar,44,Monday,February,Winter,6344
12/26/2023,20,21,Wind,360,Tuesday,December,Winter,2721
8/24/2020,0,1,Wind,237,Monday,August,Summer,2460
10/29/2020,13,14,Wind,303,Thursday,October,Fall,8549
5/24/2022,23,0,Wind,144,Tuesday,May,Spring,1737
10/21/2024,8,9,Wind,295,Monday,October,Fall,4204
4/16/2022,18,19,Wind,106,Saturday,April,Spring,8184
5/16/2022,19,20,Solar,136,Monday,May,Spring,1701
5/19/2024,23,0,Wind,140,Sunday,May,Spring,1146
10/9/2022,17,18,Solar,282,Sunday,October,Fall,3480
5/19/2022,10,11,Wind,139,Thursday,May,Spring,7130
7/1/2022,7,8,Wind,182,Friday,July,Summer,2336
5/9/2023,8,9,Wind,129,Tuesday,May,Spring,4052
2/3/2022,16,17,Wind,34,Thursday,February,Winter,2472
6/6/2021,14,15,Solar,157,Sunday,June,Summer,5111
9/20/2021,4,5,Wind,263,Monday,September,Fall,1552
5/8/2024,19,20,Wind,129,Wednesday,May,Spring,4590
5/31/2020,17,18,Wind,152,Sunday,May,Spring,6587
3/27/2022,22,23,Wind,86,Sunday,March,Spring,2412
9/12/2022,18,19,Wind,255,Monday,September,Fall,2581
8/18/2024,11,12,Solar,231,Sunday,August,Summer,8765
5/4/2020,15,16,Solar,125,Monday,May,Spring,5337
10/23/2024,6,7,Wind,297,Wednesday,October,Fall,1709
2/10/2022,6,7,Wind,41,Thursday,February,Winter,5360
4/8/2020,17,18,Solar,99,Wednesday,April,Spring,2595
9/2/2022,1,2,Wind,245,Friday,September,Fall,2750
5/22/2022,2,3,Wind,142,Sunday,May,Spring,2963
1/28/2022,8,9,Wind,28,Friday,January,Winter,1216
7/12/2021,5,6,Wind,193,Monday,July,Summer,2454
11/5/2023,1,2,Wind,309,Sunday,November,Fall,14785
2/12/2024,7,8,Wind,43,Monday,February,Winter,2207
6/9/2024,4,5,Wind,161,Sunday,June,Summer,3499
5/3/2023,18,19,Wind,123,Wednesday,May,Spring,8694
2/22/2025,9,10,Wind,53,Saturday,February,Winter,10315
11/23/2024,3,4,Wind,328,Saturday,November,Fall,9018
4/20/2024,23,0,Wind,111,Saturday,April,Spring,6161
1/14/2022,10,11,Solar,14,Friday,January,Winter,2655
12/22/2024,14,15,Wind,357,Sunday,December,Winter,18534
1/1/2023,16,17,Wind,1,Sunday,January,Winter,9041
7/31/2023,6,7,Wind,212,Monday,July,Summer,8004
6/19/2021,15,16,Solar,170,Saturday,June,Summer,4434
6/15/2025,7,8,Wind,166,Sunday,June,Summer,2381
7/13/2023,11,12,Solar,194,Thursday,July,Summer,8460
11/20/2022,14,15,Wind,324,Sunday,November,Fall,11679
7/29/2023,16,17,Wind,210,Saturday,July,Summer,11633
6/26/2024,17,18,Solar,178,Wednesday,June,Summer,5746
5/27/2025,2,3,Wind,147,Tuesday,May,Spring,6782
5/17/2023,11,12,Solar,137,Wednesday,May,Spring,12591
11/5/2021,8,9,Wind,309,Friday,November,Fall,3138
9/20/2024,9,10,Wind,264,Friday,September,Fall,6343
8/2/2023,15,16,Wind,214,Wednesday,August,Summer,20359
5/13/2024,23,0,Wind,134,Monday,May,Spring,6358
12/25/2024,16,17,Wind,360,Wednesday,December,Winter,1322
9/29/2020,18,19,Wind,273,Tuesday,September,Fall,1250
2/4/2021,9,10,Wind,35,Thursday,February,Winter,2756
1/26/2021,12,13,Wind,26,Tuesday,January,Winter,5374
3/2/2023,11,12,Solar,61,Thursday,March,Spring,5920
8/29/2020,0,1,Wind,242,Saturday,August,Summer,3168
8/28/2020,14,15,Wind,241,Friday,August,Summer,8716
5/10/2023,8,9,Wind,130,Wednesday,May,Spring,7126
4/24/2023,17,18,Wind,114,Monday,April,Spring,8130
4/19/2022,2,3,Wind,109,Tuesday,April,Spring,2920
4/23/2022,13,14,Wind,113,Saturday,April,Spring,8065
9/25/2025,1,2,Wind,268,Thursday,September,Fall,3175
5/17/2023,10,11,Solar,137,Wednesday,May,Spring,10667
3/17/2020,21,22,Wind,77,Tuesday,March,Spring,596
7/6/2023,12,13,Solar,187,Thursday,July,Summer,6939
4/9/2020,9,10,Solar,100,Thursday,April,Spring,2595
5/1/2023,12,13,Solar,121,Monday,May,Spring,7715
4/21/2023,18,19,Solar,111,Friday,April,Spring,4021
5/5/2023,22,23,Wind,125,Friday,May,Spring,1319
4/24/2020,1,2,Wind,115,Friday,April,Spring,1022
7/17/2023,12,13,Solar,198,Monday,July,Summer,9207
11/6/2020,18,19,Wind,311,Friday,November,Fall,6817
3/17/2020,9,10,Solar,77,Tuesday,March,Spring,1714
7/28/2020,7,8,Wind,210,Tuesday,July,Summer,3211
7/19/2022,6,7,Wind,200,Tuesday,July,Summer,5940
7/9/2020,18,19,Wind,191,Thursday,July,Summer,5677
6/24/2023,7,8,Wind,175,Saturday,June,Summer,3270
11/27/2021,10,11,Wind,331,Saturday,November,Fall,9185
2/12/2022,14,15,Solar,43,Saturday,February,Winter,7521
11/6/2021,4,5,Wind,310,Saturday,November,Fall,2796
2/14/2021,15,16,Wind,45,Sunday,February,Winter,9763
6/24/2024,18,19,Solar,176,Monday,June,Summer,5797
4/4/2020,9,10,Wind,95,Saturday,April,Spring,3591
10/23/2022,0,1,Wind,296,Sunday,October,Fall,6954
12/10/2023,20,21,Wind,344,Sunday,December,Winter,15601
5/26/2023,21,22,Wind,146,Friday,May,Spring,7754
5/22/2025,20,21,Wind,142,Thursday,May,Spring,5574
12/27/2021,1,2,Wind,361,Monday,December,Winter,3966
6/27/2022,6,7,Wind,178,Monday,June,Summer,1238
3/24/2022,16,17,Solar,83,Thursday,March,Spring,4803
9/27/2020,18,19,Wind,271,Sunday,September,Fall,8052
5/2/2022,6,7,Wind,122,Monday,May,Spring,2029
1/5/2020,9,10,Wind,5,Sunday,January,Winter,2245
2/15/2021,0,1,Wind,46,Monday,February,Winter,9792
1/16/2024,1,2,Wind,16,Tuesday,January,Winter,2010
1/16/2025,16,17,Wind,16,Thursday,January,Winter,3827
6/20/2025,14,15,Solar,171,Friday,June,Summer,11681
5/14/2023,8,9,Wind,134,Sunday,May,Spring,3884
6/16/2025,9,10,Solar,167,Monday,June,Summer,6557
2/4/2021,17,18,Wind,35,Thursday,February,Winter,2798
10/22/2023,3,4,Wind,295,Sunday,October,Fall,8628
5/19/2024,10,11,Solar,140,Sunday,May,Spring,2455
5/17/2022,9,10,Solar,137,Tuesday,May,Spring,4347
6/4/2022,15,16,Solar,155,Saturday,June,Summer,5828
2/22/2025,5,6,Wind,53,Saturday,February,Winter,10238
12/7/2021,14,15,Wind,341,Tuesday,December,Winter,12122
9/6/2024,17,18,Solar,250,Friday,September,Fall,4893
7/12/2022,6,7,Wind,193,Tuesday,July,Summer,2572
11/15/2024,14,15,Solar,320,Friday,November,Fall,4951
3/22/2020,13,14,Wind,82,Sunday,March,Spring,10827
9/30/2023,7,8,Wind,273,Saturday,September,Fall,889
8/15/2025,1,2,Wind,227,Friday,August,Summer,4242
1/7/2023,14,15,Wind,7,Saturday,January,Winter,15880
2/28/2024,2,3,Wind,59,Wednesday,February,Winter,3703
4/15/2023,17,18,Wind,105,Saturday,April,Spring,13143
4/1/2021,15,16,Solar,91,Thursday,April,Spring,6405
9/22/2025,12,13,Wind,265,Monday,September,Fall,15222
3/29/2023,2,3,Wind,88,Wednesday,March,Spring,4865
2/7/2021,8,9,Wind,38,Sunday,February,Winter,4598
8/3/2022,18,19,Solar,215,Wednesday,August,Summer,3379
3/11/2022,16,17,Wind,70,Friday,March,Spring,12628
9/22/2021,20,21,Wind,265,Wednesday,September,Fall,1945
7/24/2024,6,7,Wind,206,Wednesday,July,Summer,1089
4/2/2025,18,19,Wind,92,Wednesday,April,Spring,15030
8/1/2024,0,1,Wind,214,Thursday,August,Summer,1649
2/15/2020,9,10,Wind,46,Saturday,February,Winter,8611
12/28/2020,16,17,Wind,363,Monday,December,Winter,9395
6/30/2023,13,14,Solar,181,Friday,June,Summer,8565
5/31/2022,0,1,Wind,151,Tuesday,May,Spring,2131
6/21/2024,6,7,Wind,173,Friday,June,Summer,1717
8/5/2021,17,18,Wind,217,Thursday,August,Summer,9475
5/13/2022,16,17,Solar,133,Friday,May,Spring,6107
12/19/2022,11,12,Wind,353,Monday,December,Winter,14450
4/21/2024,7,8,Wind,112,Sunday,April,Spring,5871
11/2/2023,0,1,Wind,306,Thursday,November,Fall,17146
11/4/2023,13,14,Wind,308,Saturday,November,Fall,18105
11/29/2020,16,17,Wind,334,Sunday,November,Fall,2659
1/4/2021,7,8,Wind,4,Monday,January,Winter,1589
12/23/2020,22,23,Wind,358,Wednesday,December,Winter,12177
12/28/2024,23,0,Wind,363,Saturday,December,Winter,638
5/28/2020,17,18,Wind,149,Thursday,May,Spring,6840
4/12/2020,0,1,Wind,103,Sunday,April,Spring,978
12/15/2020,21,22,Wind,350,Tuesday,December,Winter,4427
3/21/2022,18,19,Wind,80,Monday,March,Spring,3512
12/31/2022,19,20,Wind,365,Saturday,December,Winter,16435
5/31/2021,15,16,Solar,151,Monday,May,Spring,7096
11/13/2024,4,5,Wind,318,Wednesday,November,Fall,6882
4/9/2023,12,13,Solar,99,Sunday,April,Spring,7478
2/22/2021,1,2,Wind,53,Monday,February,Winter,7591
2/25/2025,4,5,Wind,56,Tuesday,February,Winter,3644
12/19/2021,18,19,Wind,353,Sunday,December,Winter,3022
11/24/2020,23,0,Wind,329,Tuesday,November,Fall,6768
9/10/2021,22,23,Wind,253,Friday,September,Fall,1997
4/13/2021,1,2,Wind,103,Tuesday,April,Spring,1796
8/4/2022,0,1,Wind,216,Thursday,August,Summer,1586
5/4/2025,18,19,Wind,124,Sunday,May,Spring,12606
8/29/2020,14,15,Wind,242,Saturday,August,Summer,5103
7/19/2023,8,9,Wind,200,Wednesday,July,Summer,4118
12/4/2023,3,4,Wind,338,Monday,December,Winter,13158
12/4/2022,4,5,Wind,338,Sunday,December,Winter,3430
6/13/2024,20,21,Wind,165,Thursday,June,Summer,4639
5/7/2025,1,2,Wind,127,Wednesday,May,Spring,8947
8/28/2023,19,20,Wind,240,Monday,August,Summer,4554
8/5/2023,20,21,Wind,217,Saturday,August,Summer,14188
1/18/2025,3,4,Wind,18,Saturday,January,Winter,1157
5/23/2022,0,1,Wind,143,Monday,May,Spring,3636
11/30/2025,6,7,Wind,334,Sunday,November,Fall,4387
10/7/2021,16,17,Solar,280,Thursday,October,Fall,4917
3/12/2020,6,7,Wind,72,Thursday,March,Spring,9223
1/20/2021,15,16,Wind,20,Wednesday,January,Winter,14624
8/5/2024,22,23,Wind,218,Monday,August,Summer,1034
10/23/2025,3,4,Wind,296,Thursday,October,Fall,12997
10/20/2020,6,7,Wind,294,Tuesday,October,Fall,10003
5/5/2022,12,13,Solar,125,Thursday,May,Spring,5897
1/23/2020,22,23,Wind,23,Thursday,January,Winter,2779
7/7/2021,13,14,Solar,188,Wednesday,July,Summer,5429
7/25/2020,1,2,Wind,207,Saturday,July,Summer,1543
7/18/2020,1,2,Wind,200,Saturday,July,Summer,1515
9/26/2021,6,7,Wind,269,Sunday,September,Fall,2281
4/29/2024,1,2,Wind,120,Monday,April,Spring,2419
9/19/2021,22,23,Wind,262,Sunday,September,Fall,2332
8/30/2022,4,5,Wind,242,Tuesday,August,Summer,3592
9/16/2023,13,14,Solar,259,Saturday,September,Fall,8664
6/22/2022,1,2,Wind,173,Wednesday,June,Summer,3887
4/19/2020,19,20,Wind,110,Sunday,April,Spring,4931
4/9/2024,22,23,Wind,100,Tuesday,April,Spring,8756
3/11/2025,17,18,Wind,70,Tuesday,March,Spring,5580
10/1/2024,9,10,Wind,275,Tuesday,October,Fall,7164
8/16/2024,19,20,Wind,229,Friday,August,Summer,3335
9/5/2024,1,2,Wind,249,Thursday,September,Fall,3657
9/29/2025,11,12,Solar,272,Monday,September,Fall,7678
5/24/2020,5,6,Wind,145,Sunday,May,Spring,3046
4/15/2023,10,11,Wind,105,Saturday,April,Spring,10771
6/7/2023,3,4,Wind,158,Wednesday,June,Summer,4685
9/2/2021,17,18,Wind,245,Thursday,September,Fall,5612
1/2/2023,22,23,Wind,2,Monday,January,Winter,4218
11/4/2021,16,17,Wind,308,Thursday,November,Fall,3606
12/6/2024,11,12,Wind,341,Friday,December,Winter,12425
12/13/2023,4,5,Wind,347,Wednesday,December,Winter,9180
11/30/2024,13,14,Solar,335,Saturday,November,Fall,4668
9/16/2025,6,7,Wind,259,Tuesday,September,Fall,9715
3/3/2023,20,21,Wind,62,Friday,March,Spring,5832
2/17/2023,3,4,Wind,48,Friday,February,Winter,7265
7/19/2024,3,4,Wind,201,Friday,July,Summer,1551
5/9/2022,10,11,Solar,129,Monday,May,Spring,4782
4/8/2022,9,10,Wind,98,Friday,April,Spring,6382
8/30/2023,19,20,Wind,242,Wednesday,August,Summer,5549
2/15/2023,16,17,Solar,46,Wednesday,February,Winter,3695
6/9/2022,16,17,Solar,160,Thursday,June,Summer,8567
2/13/2020,6,7,Wind,44,Thursday,February,Winter,11612
3/20/2023,16,17,Solar,79,Monday,March,Spring,5436
11/15/2023,14,15,Wind,319,Wednesday,November,Fall,10772
12/12/2024,22,23,Wind,347,Thursday,December,Winter,3318
5/14/2021,21,22,Wind,134,Friday,May,Spring,3668
5/18/2024,9,10,Solar,139,Saturday,May,Spring,3617
10/24/2020,0,1,Wind,298,Saturday,October,Fall,5673
11/19/2020,11,12,Wind,324,Thursday,November,Fall,10362
5/17/2023,0,1,Wind,137,Wednesday,May,Spring,7939
8/19/2021,14,15,Solar,231,Thursday,August,Summer,5079
8/7/2024,9,10,Solar,220,Wednesday,August,Summer,3763
8/10/2022,7,8,Wind,222,Wednesday,August,Summer,5109
5/30/2020,0,1,Wind,151,Saturday,May,Spring,5257
10/14/2021,19,20,Wind,287,Thursday,October,Fall,884
10/30/2020,0,1,Wind,304,Friday,October,Fall,8074
11/30/2021,23,0,Wind,334,Tuesday,November,Fall,12923
10/18/2024,3,4,Wind,292,Friday,October,Fall,5240
11/13/2021,10,11,Wind,317,Saturday,November,Fall,5285
6/17/2023,14,15,Solar,168,Saturday,June,Summer,6725
3/26/2021,9,10,Wind,85,Friday,March,Spring,5822
7/11/2022,15,16,Solar,192,Monday,July,Summer,8839
10/6/2022,8,9,Wind,279,Thursday,October,Fall,1848
11/21/2020,18,19,Wind,326,Saturday,November,Fall,2645
6/2/2020,20,21,Wind,154,Tuesday,June,Summer,1623
12/8/2021,8,9,Wind,342,Wednesday,December,Winter,7536
6/10/2021,5,6,Wind,161,Thursday,June,Summer,1077
8/31/2021,15,16,Solar,243,Tuesday,August,Summer,8581
1/14/2022,8,9,Wind,14,Friday,January,Winter,891
4/17/2023,9,10,Solar,107,Monday,April,Spring,5631
4/28/2023,4,5,Wind,118,Friday,April,Spring,4743
2/2/2023,16,17,Wind,33,Thursday,February,Winter,7966
5/26/2024,22,23,Wind,147,Sunday,May,Spring,3079
3/17/2022,18,19,Wind,76,Thursday,March,Spring,5041
6/12/2021,5,6,Wind,163,Saturday,June,Summer,1612
8/22/2022,23,0,Wind,234,Monday,August,Summer,1343
4/13/2021,5,6,Wind,103,Tuesday,April,Spring,2747
5/25/2024,22,23,Wind,146,Saturday,May,Spring,1939
7/23/2024,4,5,Wind,205,Tuesday,July,Summer,5296
10/22/2024,14,15,Solar,296,Tuesday,October,Fall,5151
9/8/2025,1,2,Wind,251,Monday,September,Fall,3247
2/5/2024,0,1,Wind,36,Monday,February,Winter,7250
11/2/2025,0,1,Wind,306,Sunday,November,Fall,8891
5/30/2021,20,21,Wind,150,Sunday,May,Spring,3606
7/18/2021,15,16,Wind,199,Sunday,July,Summer,8491
10/4/2023,8,9,Wind,277,Wednesday,October,Fall,2909
12/16/2020,20,21,Wind,351,Wednesday,December,Winter,7854
11/18/2022,15,16,Wind,322,Friday,November,Fall,4771
8/6/2022,19,20,Wind,218,Saturday,August,Summer,7487
8/10/2022,5,6,Wind,222,Wednesday,August,Summer,5582
4/8/2024,4,5,Wind,99,Monday,April,Spring,3115
12/30/2021,14,15,Wind,364,Thursday,December,Winter,8402
11/27/2022,16,17,Wind,331,Sunday,November,Fall,6863
4/25/2024,3,4,Wind,116,Thursday,April,Spring,1051
2/7/2022,21,22,Wind,38,Monday,February,Winter,4624
5/29/2022,7,8,Wind,149,Sunday,May,Spring,4550
11/26/2021,9,10,Wind,330,Friday,November,Fall,5880
3/6/2022,20,21,Wind,65,Sunday,March,Spring,7259
4/9/2024,18,19,Wind,100,Tuesday,April,Spring,14993
7/5/2020,19,20,Wind,187,Sunday,July,Summer,9243
11/8/2020,14,15,Solar,313,Sunday,November,Fall,3198
7/3/2021,4,5,Wind,184,Saturday,July,Summer,2200
8/18/2024,21,22,Wind,231,Sunday,August,Summer,3802
2/3/2024,15,16,Wind,34,Saturday,February,Winter,7256
2/22/2020,5,6,Wind,53,Saturday,February,Winter,8212
8/24/2025,17,18,Solar,236,Sunday,August,Summer,7445
1/31/2025,7,8,Wind,31,Friday,January,Winter,4032
1/29/2022,6,7,Wind,29,Saturday,January,Winter,6295
5/16/2024,4,5,Wind,137,Thursday,May,Spring,1985
9/9/2025,5,6,Wind,252,Tuesday,September,Fall,1712
5/7/2025,22,23,Wind,127,Wednesday,May,Spring,5970
11/4/2021,5,6,Wind,308,Thursday,November,Fall,3125
8/26/2024,14,15,Solar,239,Monday,August,Summer,10162
5/24/2022,5,6,Wind,144,Tuesday,May,Spring,6008
8/21/2022,17,18,Solar,233,Sunday,August,Summer,4032
11/3/2021,8,9,Wind,307,Wednesday,November,Fall,3933
4/8/2020,16,17,Solar,99,Wednesday,April,Spring,3264
8/30/2024,8,9,Wind,243,Friday,August,Summer,4148
6/30/2022,0,1,Wind,181,Thursday,June,Summer,1528
8/27/2022,12,13,Solar,239,Saturday,August,Summer,7198
11/5/2021,12,13,Solar,309,Friday,November,Fall,4648
5/3/2022,2,3,Wind,123,Tuesday,May,Spring,4519
6/14/2020,20,21,Wind,166,Sunday,June,Summer,1888
10/9/2024,0,1,Wind,283,Wednesday,October,Fall,12523
11/24/2024,20,21,Wind,329,Sunday,November,Fall,19513
12/17/2024,20,21,Wind,352,Tuesday,December,Winter,9136
4/2/2024,4,5,Wind,93,Tuesday,April,Spring,13180
9/2/2021,5,6,Wind,245,Thursday,September,Fall,5765
12/29/2020,8,9,Wind,364,Tuesday,December,Winter,4269
3/16/2023,20,21,Wind,75,Thursday,March,Spring,10081
2/4/2024,19,20,Wind,35,Sunday,February,Winter,8459
4/20/2023,18,19,Wind,110,Thursday,April,Spring,6268
3/23/2022,9,10,Solar,82,Wednesday,March,Spring,5419
3/5/2024,19,20,Wind,65,Tuesday,March,Spring,3141
1/17/2020,2,3,Wind,17,Friday,January,Winter,9390
9/7/2023,1,2,Wind,250,Thursday,September,Fall,2893
12/23/2024,22,23,Wind,358,Monday,December,Winter,4916
6/23/2024,14,15,Solar,175,Sunday,June,Summer,4090
9/27/2021,11,12,Wind,270,Monday,September,Fall,10123
7/18/2025,2,3,Wind,199,Friday,July,Summer,1564
12/10/2022,4,5,Wind,344,Saturday,December,Winter,1533
4/19/2023,18,19,Wind,109,Wednesday,April,Spring,7115
5/30/2025,15,16,Solar,150,Friday,May,Spring,4444
11/15/2024,10,11,Solar,320,Friday,November,Fall,5039
8/22/2022,3,4,Wind,234,Monday,August,Summer,1609
6/14/2022,16,17,Solar,165,Tuesday,June,Summer,5556
1/29/2023,20,21,Wind,29,Sunday,January,Winter,4213
12/1/2022,23,0,Wind,335,Thursday,December,Winter,2895
12/5/2024,18,19,Wind,340,Thursday,December,Winter,16688
10/16/2022,20,21,Wind,289,Sunday,October,Fall,7022
8/21/2020,3,4,Wind,234,Friday,August,Summer,6690
12/22/2021,6,7,Wind,356,Wednesday,December,Winter,2824
7/21/2025,6,7,Wind,202,Monday,July,Summer,11030
1/2/2024,5,6,Wind,2,Tuesday,January,Winter,17248
4/11/2025,7,8,Wind,101,Friday,April,Spring,3644
8/2/2025,15,16,Solar,214,Saturday,August,Summer,12289
4/2/2021,19,20,Wind,92,Friday,April,Spring,11290
3/13/2023,8,9,Wind,72,Monday,March,Spring,15437
11/2/2024,2,3,Wind,307,Saturday,November,Fall,1771
5/16/2023,11,12,Wind,136,Tuesday,May,Spring,13805
9/22/2024,18,19,Wind,266,Sunday,September,Fall,4071
10/28/2021,10,11,Wind,301,Thursday,October,Fall,7333
8/31/2021,1,2,Wind,243,Tuesday,August,Summer,4199
2/6/2023,1,2,Wind,37,Monday,February,Winter,8096
10/3/2025,9,10,Wind,276,Friday,October,Fall,6874
7/8/2023,20,21,Wind,189,Saturday,July,Summer,1493
11/7/2024,15,16,Wind,312,Thursday,November,Fall,3966
8/1/2023,20,21,Wind,213,Tuesday,August,Summer,7412
12/4/2024,4,5,Wind,339,Wednesday,December,Winter,1527
3/18/2024,8,9,Wind,78,Monday,March,Spring,2921
12/30/2020,19,20,Wind,365,Wednesday,December,Winter,5298
5/20/2023,13,14,Wind,140,Saturday,May,Spring,11018
2/23/2022,6,7,Wind,54,Wednesday,February,Winter,915
6/24/2024,6,7,Wind,176,Monday,June,Summer,3013
12/9/2020,22,23,Wind,344,Wednesday,December,Winter,4120
12/2/2020,6,7,Wind,337,Wednesday,December,Winter,3538
4/18/2025,20,21,Wind,108,Friday,April,Spring,7067
4/17/2022,22,23,Wind,107,Sunday,April,Spring,5787
10/6/2020,21,22,Wind,280,Tuesday,October,Fall,11000
7/28/2024,18,19,Solar,210,Sunday,July,Summer,7133
9/14/2021,6,7,Wind,257,Tuesday,September,Fall,2764
9/3/2025,6,7,Wind,246,Wednesday,September,Fall,13678
5/5/2025,17,18,Wind,125,Monday,May,Spring,12722
9/1/2020,14,15,Solar,245,Tuesday,September,Fall,4740
6/6/2022,5,6,Wind,157,Monday,June,Summer,1806
10/4/2020,2,3,Wind,278,Sunday,October,Fall,8818
6/26/2021,7,8,Solar,177,Saturday,June,Summer,633
6/2/2023,2,3,Wind,153,Friday,June,Summer,7043
2/15/2025,4,5,Wind,46,Saturday,February,Winter,5875
1/29/2022,10,11,Wind,29,Saturday,January,Winter,9123
2/13/2025,20,21,Wind,44,Thursday,February,Winter,4432
9/19/2022,11,12,Solar,262,Monday,September,Fall,6983
6/29/2024,3,4,Wind,181,Saturday,June,Summer,4100
7/11/2025,12,13,Solar,192,Friday,July,Summer,12811
3/7/2021,14,15,Solar,66,Sunday,March,Spring,2799
3/7/2022,4,5,Wind,66,Monday,March,Spring,6613
6/17/2020,20,21,Wind,169,Wednesday,June,Summer,1500
3/14/2022,2,3,Wind,73,Monday,March,Spring,6130
5/2/2024,2,3,Wind,123,Thursday,May,Spring,5050
3/8/2025,22,23,Wind,67,Saturday,March,Spring,12431
5/5/2022,6,7,Wind,125,Thursday,May,Spring,1715
6/23/2024,0,1,Wind,175,Sunday,June,Summer,2581
2/14/2020,8,9,Wind,45,Friday,February,Winter,3683
8/2/2025,1,2,Wind,214,Saturday,August,Summer,4270
5/5/2024,1,2,Wind,126,Sunday,May,Spring,3256
4/30/2023,9,10,Wind,120,Sunday,April,Spring,4169
2/9/2025,17,18,Wind,40,Sunday,February,Winter,1709
8/11/2025,18,19,Solar,223,Monday,August,Summer,6420
3/10/2025,8,9,Wind,69,Monday,March,Spring,3471
4/3/2020,19,20,Wind,94,Friday,April,Spring,1256
2/1/2022,14,15,Wind,32,Tuesday,February,Winter,14323
4/9/2024,21,22,Wind,100,Tuesday,April,Spring,9329
5/2/2022,19,20,Wind,122,Monday,May,Spring,3754
10/8/2022,0,1,Wind,281,Saturday,October,Fall,3051
11/11/2022,6,7,Wind,315,Friday,November,Fall,3328
10/5/2022,11,12,Wind,278,Wednesday,October,Fall,11975
5/26/2025,14,15,Solar,146,Monday,May,Spring,6702
2/16/2023,4,5,Wind,47,Thursday,February,Winter,3973
12/14/2022,15,16,Wind,348,Wednesday,December,Winter,2542
2/14/2020,12,13,Wind,45,Friday,February,Winter,5860
3/13/2020,7,8,Wind,73,Friday,March,Spring,6097
12/7/2021,8,9,Wind,341,Tuesday,December,Winter,5489
9/23/2021,19,20,Wind,266,Thursday,September,Fall,1224
9/5/2024,6,7,Wind,249,Thursday,September,Fall,5710
11/16/2022,22,23,Wind,320,Wednesday,November,Fall,15448
3/12/2022,6,7,Wind,71,Saturday,March,Spring,6239
2/19/2024,17,18,Wind,50,Monday,February,Winter,7758
3/8/2022,10,11,Wind,67,Tuesday,March,Spring,7990
9/7/2020,9,10,Solar,251,Monday,September,Fall,3027
9/6/2020,15,16,Solar,250,Sunday,September,Fall,4473
1/21/2022,8,9,Wind,21,Friday,January,Winter,4551
9/16/2021,10,11,Solar,259,Thursday,September,Fall,1635
4/6/2024,18,19,Wind,97,Saturday,April,Spring,8976
11/12/2024,1,2,Wind,317,Tuesday,November,Fall,8188
10/19/2025,2,3,Wind,292,Sunday,October,Fall,6818
5/13/2023,22,23,Wind,133,Saturday,May,Spring,5777
12/8/2022,21,22,Wind,342,Thursday,December,Winter,2632
3/22/2022,11,12,Solar,81,Tuesday,March,Spring,8531
12/25/2023,15,16,Wind,359,Monday,December,Winter,12985
2/6/2025,20,21,Wind,37,Thursday,February,Winter,12160
2/7/2022,2,3,Wind,38,Monday,February,Winter,13497
1/18/2023,16,17,Wind,18,Wednesday,January,Winter,5234
1/26/2025,1,2,Wind,26,Sunday,January,Winter,10365
5/4/2024,23,0,Wind,125,Saturday,May,Spring,3298
6/4/2024,23,0,Wind,156,Tuesday,June,Summer,4473
1/18/2021,8,9,Wind,18,Monday,January,Winter,2915
11/22/2021,15,16,Wind,326,Monday,November,Fall,11582
2/28/2024,6,7,Wind,59,Wednesday,February,Winter,2370
11/12/2020,9,10,Wind,317,Thursday,November,Fall,5105
8/24/2022,12,13,Solar,236,Wednesday,August,Summer,6402
11/8/2021,14,15,Solar,312,Monday,November,Fall,4153
1/14/2022,5,6,Wind,14,Friday,January,Winter,1127
6/3/2025,13,14,Wind,154,Tuesday,June,Summer,6959
1/1/2020,15,16,Wind,1,Wednesday,January,Winter,1323
5/19/2023,5,6,Wind,139,Friday,May,Spring,5256
7/3/2022,20,21,Wind,184,Sunday,July,Summer,2890
6/16/2020,23,0,Wind,168,Tuesday,June,Summer,1468
2/19/2024,12,13,Wind,50,Monday,February,Winter,10225
1/9/2020,21,22,Wind,9,Thursday,January,Winter,10944
6/12/2022,18,19,Wind,163,Sunday,June,Summer,5222
4/11/2020,20,21,Wind,102,Saturday,April,Spring,725
9/6/2022,4,5,Wind,249,Tuesday,September,Fall,3166
6/8/2020,1,2,Wind,160,Monday,June,Summer,1496
12/13/2022,3,4,Wind,347,Tuesday,December,Winter,6816
10/7/2024,15,16,Wind,281,Monday,October,Fall,7138
8/13/2024,0,1,Wind,226,Tuesday,August,Summer,1600
5/26/2024,8,9,Wind,147,Sunday,May,Spring,5565
8/19/2024,15,16,Solar,232,Monday,August,Summer,9088
11/4/2023,18,19,Wind,308,Saturday,November,Fall,15770
4/14/2021,10,11,Solar,104,Wednesday,April,Spring,5528
11/2/2023,7,8,Wind,306,Thursday,November,Fall,15300
7/31/2023,22,23,Wind,212,Monday,July,Summer,10752
8/1/2022,18,19,Solar,213,Monday,August,Summer,3859
2/13/2025,1,2,Wind,44,Thursday,February,Winter,1112
11/6/2021,7,8,Wind,310,Saturday,November,Fall,2797
10/11/2025,9,10,Wind,284,Saturday,October,Fall,5515
11/28/2020,4,5,Wind,333,Saturday,November,Fall,3659
9/17/2025,19,20,Wind,260,Wednesday,September,Fall,3567
2/1/2024,22,23,Wind,32,Thursday,February,Winter,1902
8/9/2025,5,6,Wind,221,Saturday,August,Summer,1061
10/22/2021,22,23,Wind,295,Friday,October,Fall,2376
12/16/2022,2,3,Wind,350,Friday,December,Winter,6144
2/22/2022,12,13,Wind,53,Tuesday,February,Winter,14675
9/15/2023,21,22,Wind,258,Friday,September,Fall,4226
8/6/2021,21,22,Wind,218,Friday,August,Summer,2893
9/6/2024,3,4,Wind,250,Friday,September,Fall,1393
7/28/2025,12,13,Solar,209,Monday,July,Summer,11478
7/26/2024,16,17,Solar,208,Friday,July,Summer,6307
9/15/2021,8,9,Wind,258,Wednesday,September,Fall,2190
3/26/2025,15,16,Solar,85,Wednesday,March,Spring,7167
7/22/2025,21,22,Wind,203,Tuesday,July,Summer,1826
6/9/2020,12,13,Solar,161,Tuesday,June,Summer,4970
12/31/2022,11,12,Wind,365,Saturday,December,Winter,17264
2/15/2025,15,16,Solar,46,Saturday,February,Winter,7084
8/9/2020,18,19,Wind,222,Sunday,August,Summer,3103
10/18/2023,23,0,Wind,291,Wednesday,October,Fall,11879
3/9/2023,21,22,Wind,68,Thursday,March,Spring,15820
9/17/2023,16,17,Wind,260,Sunday,September,Fall,5366
11/18/2023,18,19,Wind,322,Saturday,November,Fall,12524
11/22/2020,13,14,Solar,327,Sunday,November,Fall,3338
12/31/2024,16,17,Wind,366,Tuesday,December,Winter,8495
11/9/2025,14,15,Solar,313,Sunday,November,Fall,7371
6/29/2021,16,17,Solar,180,Tuesday,June,Summer,5193
10/20/2025,18,19,Wind,293,Monday,October,Fall,16757
5/3/2024,19,20,Wind,124,Friday,May,Spring,2964
9/16/2025,20,21,Wind,259,Tuesday,September,Fall,3536
4/12/2025,18,19,Wind,102,Saturday,April,Spring,11549
5/24/2021,18,19,Wind,144,Monday,May,Spring,12791
3/10/2025,10,11,Solar,69,Monday,March,Spring,6063
6/20/2021,9,10,Wind,171,Sunday,June,Summer,3324
8/16/2020,7,8,Wind,229,Sunday,August,Summer,1272
8/25/2023,4,5,Wind,237,Friday,August,Summer,2460
1/22/2025,17,18,Wind,22,Wednesday,January,Winter,5102
1/6/2025,9,10,Wind,6,Monday,January,Winter,18975
5/15/2023,12,13,Solar,135,Monday,May,Spring,9340
7/12/2020,10,11,Solar,194,Sunday,July,Summer,4498
6/13/2024,21,22,Wind,165,Thursday,June,Summer,5123
7/3/2025,14,15,Solar,184,Thursday,July,Summer,9855
8/26/2024,16,17,Solar,239,Monday,August,Summer,8375
9/29/2025,15,16,Solar,272,Monday,September,Fall,8318
4/19/2020,9,10,Wind,110,Sunday,April,Spring,2105
3/4/2023,4,5,Wind,63,Saturday,March,Spring,4490
7/13/2021,15,16,Wind,194,Tuesday,July,Summer,7535
10/9/2025,11,12,Solar,282,Thursday,October,Fall,5069
9/6/2021,10,11,Solar,249,Monday,September,Fall,3616
10/3/2025,18,19,Wind,276,Friday,October,Fall,10465
4/24/2024,16,17,Wind,115,Wednesday,April,Spring,10914
7/3/2023,9,10,Wind,184,Monday,July,Summer,6964
4/9/2020,1,2,Wind,100,Thursday,April,Spring,894
8/8/2020,1,2,Wind,221,Saturday,August,Summer,1875
9/26/2021,15,16,Solar,269,Sunday,September,Fall,5531
12/25/2023,11,12,Wind,359,Monday,December,Winter,15160
4/2/2022,22,23,Wind,92,Saturday,April,Spring,4539
12/14/2023,5,6,Wind,348,Thursday,December,Winter,7047
1/23/2020,16,17,Wind,23,Thursday,January,Winter,3347
10/15/2023,15,16,Solar,288,Sunday,October,Fall,6957
5/31/2020,6,7,Wind,152,Sunday,May,Spring,4859
3/29/2025,21,22,Wind,88,Saturday,March,Spring,5649
10/8/2020,22,23,Wind,282,Thursday,October,Fall,4432
2/17/2021,2,3,Wind,48,Wednesday,February,Winter,8531
5/11/2020,5,6,Wind,132,Monday,May,Spring,10139
9/5/2022,7,8,Wind,248,Monday,September,Fall,2789
7/7/2021,3,4,Wind,188,Wednesday,July,Summer,4006
10/12/2024,6,7,Wind,286,Saturday,October,Fall,6023
6/20/2022,4,5,Wind,171,Monday,June,Summer,3009
10/26/2024,7,8,Wind,300,Saturday,October,Fall,2152
5/18/2020,3,4,Wind,139,Monday,May,Spring,2064
8/2/2022,0,1,Wind,214,Tuesday,August,Summer,1397
1/14/2022,2,3,Wind,14,Friday,January,Winter,1410
7/25/2024,16,17,Solar,207,Thursday,July,Summer,8796
5/26/2023,11,12,Solar,146,Friday,May,Spring,10688
8/22/2024,10,11,Solar,235,Thursday,August,Summer,10231
3/22/2024,5,6,Wind,82,Friday,March,Spring,2130
10/26/2021,16,17,Wind,299,Tuesday,October,Fall,5120
7/19/2025,13,14,Wind,200,Saturday,July,Summer,14450
7/28/2024,6,7,Wind,210,Sunday,July,Summer,2348
2/1/2024,15,16,Wind,32,Thursday,February,Winter,3444
12/26/2022,13,14,Wind,360,Monday,December,Winter,10092
7/30/2024,17,18,Solar,212,Tuesday,July,Summer,4665
8/18/2022,2,3,Wind,230,Thursday,August,Summer,1182
4/16/2025,17,18,Solar,106,Wednesday,April,Spring,6246
11/15/2020,21,22,Wind,320,Sunday,November,Fall,12149
2/26/2025,9,10,Wind,57,Wednesday,February,Winter,9755
2/20/2022,7,8,Wind,51,Sunday,February,Winter,12571
2/20/2025,9,10,Wind,51,Thursday,February,Winter,9967
2/27/2022,3,4,Wind,58,Sunday,February,Winter,9685
12/31/2021,18,19,Wind,365,Friday,December,Winter,3904
7/28/2022,12,13,Solar,209,Thursday,July,Summer,5588
4/28/2021,2,3,Wind,118,Wednesday,April,Spring,1371
12/23/2021,5,6,Wind,357,Thursday,December,Winter,6602
3/14/2024,23,0,Wind,74,Thursday,March,Spring,10690
7/14/2023,9,10,Solar,195,Friday,July,Summer,6490
10/18/2025,4,5,Wind,291,Saturday,October,Fall,5140
4/7/2021,3,4,Wind,97,Wednesday,April,Spring,4251
1/14/2024,13,14,Solar,14,Sunday,January,Winter,3639
4/18/2022,3,4,Wind,108,Monday,April,Spring,4344
6/1/2024,9,10,Wind,153,Saturday,June,Summer,8993
4/24/2020,15,16,Solar,115,Friday,April,Spring,3799
3/13/2022,18,19,Wind,72,Sunday,March,Spring,5913
2/23/2025,12,13,Wind,54,Sunday,February,Winter,11643
11/6/2021,12,13,Solar,310,Saturday,November,Fall,5852
4/4/2025,15,16,Wind,94,Friday,April,Spring,6218
2/10/2022,13,14,Solar,41,Thursday,February,Winter,6325
8/15/2021,2,3,Wind,227,Sunday,August,Summer,1057
6/22/2023,14,15,Wind,173,Thursday,June,Summer,9306
2/23/2020,10,11,Wind,54,Sunday,February,Winter,13480
3/10/2022,22,23,Wind,69,Thursday,March,Spring,7481
8/14/2021,0,1,Wind,226,Saturday,August,Summer,1478
6/5/2020,3,4,Wind,157,Friday,June,Summer,3542
5/22/2020,21,22,Wind,143,Friday,May,Spring,2177
8/26/2025,20,21,Wind,238,Tuesday,August,Summer,3405
7/5/2022,7,8,Wind,186,Tuesday,July,Summer,2105
3/30/2024,13,14,Solar,90,Saturday,March,Spring,7615
1/4/2022,11,12,Wind,4,Tuesday,January,Winter,5975
8/19/2025,10,11,Solar,231,Tuesday,August,Summer,4540
8/12/2023,3,4,Wind,224,Saturday,August,Summer,1596
3/23/2024,10,11,Wind,83,Saturday,March,Spring,17377
7/7/2025,23,0,Wind,188,Monday,July,Summer,4873
1/20/2023,10,11,Wind,20,Friday,January,Winter,4641
3/2/2024,16,17,Wind,62,Saturday,March,Spring,6629
1/5/2022,14,15,Wind,5,Wednesday,January,Winter,7511
9/12/2025,13,14,Wind,255,Friday,September,Fall,15434
2/8/2025,18,19,Wind,39,Saturday,February,Winter,3104
4/11/2020,7,8,Wind,102,Saturday,April,Spring,1900
1/23/2020,18,19,Wind,23,Thursday,January,Winter,3556
9/30/2025,8,9,Wind,273,Tuesday,September,Fall,2872
5/1/2020,22,23,Wind,122,Friday,May,Spring,6712
8/10/2021,13,14,Solar,222,Tuesday,August,Summer,5911
9/16/2021,18,19,Solar,259,Thursday,September,Fall,1495
10/27/2023,12,13,Wind,300,Friday,October,Fall,12650
11/11/2025,3,4,Wind,315,Tuesday,November,Fall,7897
3/24/2020,7,8,Wind,84,Tuesday,March,Spring,5774
10/20/2023,17,18,Wind,293,Friday,October,Fall,6907
10/29/2025,15,16,Wind,302,Wednesday,October,Fall,8506
11/21/2023,16,17,Wind,325,Tuesday,November,Fall,6703
3/26/2024,20,21,Wind,86,Tuesday,March,Spring,8261
6/30/2022,20,21,Wind,181,Thursday,June,Summer,2522
12/25/2020,4,5,Wind,360,Friday,December,Winter,6542
6/26/2021,15,16,Solar,177,Saturday,June,Summer,4697
8/4/2020,0,1,Wind,217,Tuesday,August,Summer,3666
8/22/2022,2,3,Wind,234,Monday,August,Summer,1927
4/17/2022,16,17,Solar,107,Sunday,April,Spring,7694
1/7/2021,5,6,Wind,7,Thursday,January,Winter,487
5/12/2025,9,10,Solar,132,Monday,May,Spring,5922
6/26/2024,18,19,Solar,178,Wednesday,June,Summer,4295
7/1/2025,2,3,Wind,182,Tuesday,July,Summer,778
6/9/2023,5,6,Wind,160,Friday,June,Summer,4644
8/24/2023,17,18,Wind,236,Thursday,August,Summer,9861
7/28/2025,9,10,Solar,209,Monday,July,Summer,6834
8/15/2021,3,4,Wind,227,Sunday,August,Summer,883
9/23/2024,16,17,Wind,267,Monday,September,Fall,9135
3/25/2024,13,14,Wind,85,Monday,March,Spring,10853
10/7/2025,4,5,Wind,280,Tuesday,October,Fall,1733
11/15/2020,1,2,Wind,320,Sunday,November,Fall,10998
9/14/2023,14,15,Solar,257,Thursday,September,Fall,6131
7/1/2024,4,5,Wind,183,Monday,July,Summer,1845
3/13/2022,12,13,Wind,72,Sunday,March,Spring,10835
3/4/2021,22,23,Wind,63,Thursday,March,Spring,3145
8/24/2022,5,6,Wind,236,Wednesday,August,Summer,956
6/6/2025,18,19,Wind,157,Friday,June,Summer,10880
12/30/2021,9,10,Wind,364,Thursday,December,Winter,8720
4/1/2021,2,3,Wind,91,Thursday,April,Spring,1907
8/6/2023,22,23,Wind,218,Sunday,August,Summer,5369
6/13/2025,19,20,Wind,164,Friday,June,Summer,5374
10/10/2022,19,20,Wind,283,Monday,October,Fall,2196
9/20/2025,18,19,Wind,263,Saturday,September,Fall,11616
9/8/2023,17,18,Solar,251,Friday,September,Fall,4384
12/30/2021,22,23,Wind,364,Thursday,December,Winter,5452
3/30/2024,7,8,Wind,90,Saturday,March,Spring,3497
5/8/2023,17,18,Solar,128,Monday,May,Spring,5446
4/25/2021,11,12,Wind,115,Sunday,April,Spring,10262
7/15/2022,4,5,Wind,196,Friday,July,Summer,4379
11/26/2021,1,2,Wind,330,Friday,November,Fall,2597
10/15/2025,23,0,Wind,288,Wednesday,October,Fall,5351
1/18/2025,10,11,Solar,18,Saturday,January,Winter,3129
3/16/2025,16,17,Wind,75,Sunday,March,Spring,9489
10/18/2022,14,15,Solar,291,Tuesday,October,Fall,5808
2/10/2020,4,5,Wind,41,Monday,February,Winter,10052
4/25/2020,5,6,Wind,116,Saturday,April,Spring,1788
5/18/2023,5,6,Wind,138,Thursday,May,Spring,5769
4/16/2022,23,0,Wind,106,Saturday,April,Spring,8150
3/29/2020,10,11,Wind,89,Sunday,March,Spring,13965
3/28/2025,20,21,Wind,87,Friday,March,Spring,8242
12/18/2024,9,10,Wind,353,Wednesday,December,Winter,15999
3/9/2020,8,9,Wind,69,Monday,March,Spring,6477
5/22/2023,0,1,Wind,142,Monday,May,Spring,3806
11/2/2024,13,14,Solar,307,Saturday,November,Fall,7954
3/7/2022,0,1,Wind,66,Monday,March,Spring,7417
1/25/2023,8,9,Wind,25,Wednesday,January,Winter,2111
1/15/2021,9,10,Wind,15,Friday,January,Winter,6240
5/19/2022,5,6,Wind,139,Thursday,May,Spring,3542
10/24/2020,6,7,Wind,298,Saturday,October,Fall,7495
10/28/2021,8,9,Wind,301,Thursday,October,Fall,5807
1/8/2025,21,22,Wind,8,Wednesday,January,Winter,12892
4/4/2024,0,1,Wind,95,Thursday,April,Spring,12543
12/18/2020,8,9,Wind,353,Friday,December,Winter,6733
9/25/2022,15,16,Solar,268,Sunday,September,Fall,6102
10/19/2020,3,4,Wind,293,Monday,October,Fall,1464
2/6/2024,11,12,Wind,37,Tuesday,February,Winter,14493
4/18/2023,6,7,Wind,108,Tuesday,April,Spring,6520
5/2/2023,18,19,Wind,122,Tuesday,May,Spring,7162
6/26/2025,9,10,Wind,177,Thursday,June,Summer,9995
9/18/2024,16,17,Wind,262,Wednesday,September,Fall,16325
11/22/2024,1,2,Wind,327,Friday,November,Fall,6061
3/20/2023,1,2,Wind,79,Monday,March,Spring,1521
1/13/2022,1,2,Wind,13,Thursday,January,Winter,3054
6/15/2021,5,6,Wind,166,Tuesday,June,Summer,1611
1/9/2021,9,10,Wind,9,Saturday,January,Winter,4051
2/15/2022,0,1,Wind,46,Tuesday,February,Winter,6687
3/18/2020,12,13,Solar,78,Wednesday,March,Spring,4055
8/31/2025,1,2,Wind,243,Sunday,August,Summer,8549
11/23/2023,8,9,Wind,327,Thursday,November,Fall,3718
9/12/2023,12,13,Solar,255,Tuesday,September,Fall,4437
9/10/2020,21,22,Wind,254,Thursday,September,Fall,2030
7/11/2023,15,16,Solar,192,Tuesday,July,Summer,9554
9/15/2021,13,14,Solar,258,Wednesday,September,Fall,3942
5/21/2023,9,10,Wind,141,Sunday,May,Spring,5307
4/15/2021,10,11,Solar,105,Thursday,April,Spring,6346
11/26/2024,19,20,Wind,331,Tuesday,November,Fall,4935
10/14/2025,5,6,Wind,287,Tuesday,October,Fall,5919
3/22/2021,18,19,Wind,81,Monday,March,Spring,2993
2/9/2025,10,11,Solar,40,Sunday,February,Winter,4315
7/14/2024,8,9,Solar,196,Sunday,July,Summer,2477
2/5/2021,16,17,Wind,36,Friday,February,Winter,1998
8/26/2020,6,7,Wind,239,Wednesday,August,Summer,8678
4/27/2023,4,5,Wind,117,Thursday,April,Spring,1206
3/6/2023,0,1,Wind,65,Monday,March,Spring,1228
5/12/2025,1,2,Wind,132,Monday,May,Spring,2951
2/6/2023,15,16,Wind,37,Monday,February,Winter,8670
8/4/2020,14,15,Solar,217,Tuesday,August,Summer,5625
3/1/2023,21,22,Wind,60,Wednesday,March,Spring,7713
10/1/2022,22,23,Wind,274,Saturday,October,Fall,7629
11/17/2023,13,14,Wind,321,Friday,November,Fall,7387
10/2/2023,5,6,Wind,275,Monday,October,Fall,2482
2/26/2025,1,2,Wind,57,Wednesday,February,Winter,10324
12/12/2021,0,1,Wind,346,Sunday,December,Winter,5469
9/8/2022,20,21,Wind,251,Thursday,September,Fall,5147
5/26/2020,17,18,Wind,147,Tuesday,May,Spring,6931
3/10/2021,23,0,Wind,69,Wednesday,March,Spring,13439
5/24/2024,4,5,Wind,145,Friday,May,Spring,712
6/9/2020,13,14,Solar,161,Tuesday,June,Summer,5042
9/3/2023,0,1,Wind,246,Sunday,September,Fall,4539
9/16/2020,12,13,Solar,260,Wednesday,September,Fall,3732
9/19/2024,1,2,Wind,263,Thursday,September,Fall,8994
6/7/2023,23,0,Wind,158,Wednesday,June,Summer,5602
10/14/2023,0,1,Wind,287,Saturday,October,Fall,14148
1/12/2022,7,8,Wind,12,Wednesday,January,Winter,2263
5/13/2022,6,7,Wind,133,Friday,May,Spring,1900
11/4/2021,2,3,Wind,308,Thursday,November,Fall,2836
5/2/2020,2,3,Wind,123,Saturday,May,Spring,5334
9/18/2022,0,1,Wind,261,Sunday,September,Fall,3466
6/8/2023,15,16,Solar,159,Thursday,June,Summer,8328
9/15/2022,4,5,Wind,258,Thursday,September,Fall,1546
3/17/2023,1,2,Wind,76,Friday,March,Spring,8075
1/9/2025,13,14,Wind,9,Thursday,January,Winter,13396
4/12/2024,15,16,Solar,103,Friday,April,Spring,4291
9/2/2024,10,11,Solar,246,Monday,September,Fall,5818
8/16/2020,2,3,Wind,229,Sunday,August,Summer,1867
9/30/2020,7,8,Wind,274,Wednesday,September,Fall,1223
6/20/2022,17,18,Solar,171,Monday,June,Summer,6713
6/5/2021,3,4,Wind,156,Saturday,June,Summer,2400
4/21/2022,16,17,Wind,111,Thursday,April,Spring,6557
6/22/2024,3,4,Wind,174,Saturday,June,Summer,6081
10/27/2024,5,6,Wind,301,Sunday,October,Fall,1792
5/30/2023,21,22,Wind,150,Tuesday,May,Spring,9690
5/20/2024,5,6,Wind,141,Monday,May,Spring,1434
4/3/2025,23,0,Wind,93,Thursday,April,Spring,6528
8/18/2025,14,15,Solar,230,Monday,August,Summer,8983
9/16/2022,23,0,Wind,259,Friday,September,Fall,5346
1/30/2020,0,1,Wind,30,Thursday,January,Winter,5384
4/10/2022,17,18,Solar,100,Sunday,April,Spring,5961
7/29/2024,21,22,Wind,211,Monday,July,Summer,2404
12/3/2020,1,2,Wind,338,Thursday,December,Winter,3330
7/30/2022,6,7,Wind,211,Saturday,July,Summer,936
10/20/2023,3,4,Wind,293,Friday,October,Fall,4769
8/17/2022,17,18,Solar,229,Wednesday,August,Summer,3938
7/7/2022,1,2,Wind,188,Thursday,July,Summer,3488
12/27/2024,6,7,Wind,362,Friday,December,Winter,1298
9/13/2024,23,0,Wind,257,Friday,September,Fall,4267
5/20/2020,15,16,Solar,141,Wednesday,May,Spring,5220
9/19/2020,21,22,Wind,263,Saturday,September,Fall,2449
2/19/2022,22,23,Wind,50,Saturday,February,Winter,13745
6/22/2023,10,11,Wind,173,Thursday,June,Summer,5018
12/17/2024,16,17,Wind,352,Tuesday,December,Winter,5399
3/4/2023,2,3,Wind,63,Saturday,March,Spring,4916
1/19/2022,3,4,Wind,19,Wednesday,January,Winter,1605
6/8/2023,9,10,Solar,159,Thursday,June,Summer,6235
9/10/2023,17,18,Solar,253,Sunday,September,Fall,4930
4/29/2021,11,12,Wind,119,Thursday,April,Spring,3791
11/19/2025,16,17,Wind,323,Wednesday,November,Fall,13285
11/6/2023,9,10,Wind,310,Monday,November,Fall,12593
7/18/2022,11,12,Solar,199,Monday,July,Summer,6471
9/15/2021,2,3,Wind,258,Wednesday,September,Fall,2419
5/8/2022,8,9,Wind,128,Sunday,May,Spring,4118
5/27/2022,15,16,Solar,147,Friday,May,Spring,8174
10/4/2022,20,21,Wind,277,Tuesday,October,Fall,1168
6/19/2020,1,2,Wind,171,Friday,June,Summer,2319
6/12/2022,10,11,Solar,163,Sunday,June,Summer,4684
10/8/2022,9,10,Wind,281,Saturday,October,Fall,2465
5/24/2025,19,20,Wind,144,Saturday,May,Spring,8852
9/30/2025,20,21,Wind,273,Tuesday,September,Fall,2697
7/6/2025,20,21,Wind,187,Sunday,July,Summer,8639
7/6/2020,15,16,Wind,188,Monday,July,Summer,9681
8/11/2023,7,8,Wind,223,Friday,August,Summer,1918
8/20/2025,16,17,Wind,232,Wednesday,August,Summer,8881
4/19/2021,22,23,Wind,109,Monday,April,Spring,906
5/10/2021,7,8,Wind,130,Monday,May,Spring,7041
3/7/2021,2,3,Wind,66,Sunday,March,Spring,2521
1/22/2021,16,17,Wind,22,Friday,January,Winter,3696
4/23/2021,10,11,Solar,113,Friday,April,Spring,5659
12/8/2021,5,6,Wind,342,Wednesday,December,Winter,9297
8/4/2020,22,23,Wind,217,Tuesday,August,Summer,1340
2/18/2023,23,0,Wind,49,Saturday,February,Winter,8067
12/14/2022,21,22,Wind,348,Wednesday,December,Winter,2161
7/9/2023,3,4,Wind,190,Sunday,July,Summer,2355
7/11/2024,2,3,Wind,193,Thursday,July,Summer,1053
2/24/2020,10,11,Wind,55,Monday,February,Winter,11258
2/3/2021,2,3,Wind,34,Wednesday,February,Winter,9275
12/5/2022,23,0,Wind,339,Monday,December,Winter,1854
4/23/2023,0,1,Wind,113,Sunday,April,Spring,6724
6/8/2021,10,11,Solar,159,Tuesday,June,Summer,4183
2/26/2023,10,11,Wind,57,Sunday,February,Winter,20500
3/2/2024,10,11,Wind,62,Saturday,March,Spring,12926
5/18/2024,1,2,Wind,139,Saturday,May,Spring,713
8/30/2020,11,12,Wind,243,Sunday,August,Summer,5251
9/29/2021,14,15,Wind,272,Wednesday,September,Fall,11739
8/3/2021,0,1,Wind,215,Tuesday,August,Summer,930
1/11/2023,1,2,Wind,11,Wednesday,January,Winter,14468
2/21/2024,15,16,Wind,52,Wednesday,February,Winter,15550
3/16/2020,6,7,Wind,76,Monday,March,Spring,3309
11/10/2020,21,22,Wind,315,Tuesday,November,Fall,805
11/8/2022,1,2,Wind,312,Tuesday,November,Fall,12163
11/14/2022,2,3,Wind,318,Monday,November,Fall,3659
2/15/2024,18,19,Wind,46,Thursday,February,Winter,10200
11/3/2023,0,1,Wind,307,Friday,November,Fall,12874
1/24/2025,8,9,Wind,24,Friday,January,Winter,18114
1/2/2024,0,1,Wind,2,Tuesday,January,Winter,17307
8/4/2023,21,22,Wind,216,Friday,August,Summer,3747
7/18/2020,23,0,Wind,200,Saturday,July,Summer,1750
7/21/2021,4,5,Wind,202,Wednesday,July,Summer,2191
3/31/2023,15,16,Wind,90,Friday,March,Spring,21172
1/5/2023,12,13,Wind,5,Thursday,January,Winter,7199
3/27/2022,19,20,Wind,86,Sunday,March,Spring,1675
9/24/2023,10,11,Solar,267,Sunday,September,Fall,7784
7/7/2021,20,21,Wind,188,Wednesday,July,Summer,2231
5/18/2024,4,5,Wind,139,Saturday,May,Spring,556
4/1/2022,18,19,Wind,91,Friday,April,Spring,13751
12/1/2023,7,8,Wind,335,Friday,December,Winter,2590
3/10/2024,18,19,Wind,70,Sunday,March,Spring,975
3/2/2020,20,21,Wind,62,Monday,March,Spring,8827
9/19/2025,10,11,Solar,262,Friday,September,Fall,9787
12/21/2020,1,2,Wind,356,Monday,December,Winter,6095
6/30/2023,4,5,Wind,181,Friday,June,Summer,2629
5/13/2024,12,13,Solar,134,Monday,May,Spring,6365
11/25/2024,2,3,Wind,330,Monday,November,Fall,17724
6/2/2022,23,0,Wind,153,Thursday,June,Summer,4438
3/1/2022,10,11,Solar,60,Tuesday,March,Spring,4347
9/12/2020,9,10,Solar,256,Saturday,September,Fall,2461
5/8/2021,19,20,Wind,128,Saturday,May,Spring,6309
9/25/2022,2,3,Wind,268,Sunday,September,Fall,2749
3/6/2021,9,10,Wind,65,Saturday,March,Spring,6040
1/15/2022,21,22,Wind,15,Saturday,January,Winter,1036
11/17/2023,7,8,Wind,321,Friday,November,Fall,4109
7/5/2025,20,21,Wind,186,Saturday,July,Summer,5175
6/12/2021,12,13,Solar,163,Saturday,June,Summer,4821
7/31/2022,19,20,Wind,212,Sunday,July,Summer,5209
3/20/2024,15,16,Solar,80,Wednesday,March,Spring,5622
4/23/2020,7,8,Wind,114,Thursday,April,Spring,1746
5/9/2022,20,21,Wind,129,Monday,May,Spring,514
3/6/2024,10,11,Solar,66,Wednesday,March,Spring,5162
2/26/2021,5,6,Wind,57,Friday,February,Winter,2352
11/20/2025,5,6,Wind,324,Thursday,November,Fall,7116
5/9/2020,5,6,Wind,130,Saturday,May,Spring,1685
8/21/2025,1,2,Wind,233,Thursday,August,Summer,3653
6/11/2025,20,21,Wind,162,Wednesday,June,Summer,5029
8/27/2022,11,12,Solar,239,Saturday,August,Summer,6767
9/10/2023,12,13,Solar,253,Sunday,September,Fall,8323
4/20/2023,0,1,Wind,110,Thursday,April,Spring,8926
3/24/2021,4,5,Wind,83,Wednesday,March,Spring,1493
11/19/2022,12,13,Solar,323,Saturday,November,Fall,5271
12/5/2024,10,11,Wind,340,Thursday,December,Winter,16407
4/22/2025,3,4,Wind,112,Tuesday,April,Spring,2038
9/14/2021,19,20,Wind,257,Tuesday,September,Fall,1986
11/23/2020,3,4,Wind,328,Monday,November,Fall,245
2/3/2023,16,17,Wind,34,Friday,February,Winter,7659
11/2/2023,4,5,Wind,306,Thursday,November,Fall,15164
5/29/2025,14,15,Solar,149,Thursday,May,Spring,5853
1/12/2020,12,13,Wind,12,Sunday,January,Winter,9137
8/28/2021,20,21,Wind,240,Saturday,August,Summer,4826
12/11/2023,0,1,Wind,345,Monday,December,Winter,13562
8/20/2021,20,21,Wind,232,Friday,August,Summer,525
2/14/2024,9,10,Wind,45,Wednesday,February,Winter,10647
11/9/2022,17,18,Wind,313,Wednesday,November,Fall,4408
10/13/2020,9,10,Wind,287,Tuesday,October,Fall,4332
9/25/2023,21,22,Wind,268,Monday,September,Fall,525
10/8/2024,7,8,Wind,282,Tuesday,October,Fall,10208
8/16/2021,2,3,Wind,228,Monday,August,Summer,4074
4/25/2022,9,10,Wind,115,Monday,April,Spring,4334
6/5/2025,22,23,Wind,156,Thursday,June,Summer,12352
5/30/2023,12,13,Solar,150,Tuesday,May,Spring,13676
8/22/2020,3,4,Wind,235,Saturday,August,Summer,4955
12/9/2021,16,17,Wind,343,Thursday,December,Winter,5379
1/25/2020,12,13,Solar,25,Saturday,January,Winter,2654
5/16/2023,1,2,Wind,136,Tuesday,May,Spring,7661
10/28/2023,11,12,Wind,301,Saturday,October,Fall,16187
6/19/2021,0,1,Wind,170,Saturday,June,Summer,3276
2/14/2023,15,16,Solar,45,Tuesday,February,Winter,5164
3/21/2022,10,11,Solar,80,Monday,March,Spring,6419
9/22/2023,21,22,Wind,265,Friday,September,Fall,5871
10/17/2021,1,2,Wind,290,Sunday,October,Fall,1752
7/29/2024,4,5,Wind,211,Monday,July,Summer,5316
2/9/2024,4,5,Wind,40,Friday,February,Winter,16307
3/17/2022,13,14,Wind,76,Thursday,March,Spring,5469
4/2/2022,19,20,Wind,92,Saturday,April,Spring,7493
9/25/2022,7,8,Wind,268,Sunday,September,Fall,2772
9/26/2025,18,19,Solar,269,Friday,September,Fall,1324
10/28/2024,0,1,Wind,302,Monday,October,Fall,477
1/21/2023,4,5,Wind,21,Saturday,January,Winter,7168
10/23/2024,18,19,Wind,297,Wednesday,October,Fall,2844
6/27/2020,22,23,Wind,179,Saturday,June,Summer,4430
7/29/2020,20,21,Wind,211,Wednesday,July,Summer,708
7/9/2022,9,10,Solar,190,Saturday,July,Summer,4215
12/31/2021,4,5,Wind,365,Friday,December,Winter,5884
3/1/2025,10,11,Wind,60,Saturday,March,Spring,12156
2/16/2021,23,0,Wind,47,Tuesday,February,Winter,9342
1/13/2022,7,8,Wind,13,Thursday,January,Winter,2614
2/14/2024,20,21,Wind,45,Wednesday,February,Winter,7478
11/9/2024,2,3,Wind,314,Saturday,November,Fall,1560
3/2/2020,2,3,Wind,62,Monday,March,Spring,8017
6/18/2020,19,20,Wind,170,Thursday,June,Summer,3276
9/8/2021,18,19,Wind,251,Wednesday,September,Fall,3479
4/16/2022,8,9,Wind,106,Saturday,April,Spring,5476
1/26/2024,18,19,Wind,26,Friday,January,Winter,3375
9/5/2020,15,16,Solar,249,Saturday,September,Fall,5374
11/28/2021,6,7,Wind,332,Sunday,November,Fall,9221
12/13/2021,12,13,Solar,347,Monday,December,Winter,3477
4/7/2024,19,20,Wind,98,Sunday,April,Spring,6864
10/23/2023,7,8,Wind,296,Monday,October,Fall,7522
10/26/2021,19,20,Wind,299,Tuesday,October,Fall,3013
4/25/2020,10,11,Solar,116,Saturday,April,Spring,3420
12/10/2022,7,8,Wind,344,Saturday,December,Winter,1455
9/7/2022,21,22,Wind,250,Wednesday,September,Fall,3796
9/10/2022,23,0,Wind,253,Saturday,September,Fall,1212
1/31/2023,9,10,Wind,31,Tuesday,January,Winter,4810
5/24/2025,22,23,Wind,144,Saturday,May,Spring,6806
10/18/2022,12,13,Solar,291,Tuesday,October,Fall,5685
11/8/2023,13,14,Wind,312,Wednesday,November,Fall,18274
11/18/2020,17,18,Wind,323,Wednesday,November,Fall,6191
12/7/2020,10,11,Wind,342,Monday,December,Winter,1923
3/30/2024,17,18,Wind,90,Saturday,March,Spring,6296
5/13/2023,9,10,Wind,133,Saturday,May,Spring,6102
12/19/2022,15,16,Wind,353,Monday,December,Winter,13925
5/27/2022,12,13,Solar,147,Friday,May,Spring,6760
4/18/2022,13,14,Solar,108,Monday,April,Spring,5569
2/7/2023,4,5,Wind,38,Tuesday,February,Winter,8388
6/13/2022,4,5,Wind,164,Monday,June,Summer,3562
5/20/2022,9,10,Wind,140,Friday,May,Spring,5745
8/31/2025,8,9,Wind,243,Sunday,August,Summer,4739
7/16/2024,8,9,Wind,198,Tuesday,July,Summer,9494
6/22/2025,22,23,Wind,173,Sunday,June,Summer,2524
12/6/2023,21,22,Wind,340,Wednesday,December,Winter,2268
8/29/2025,12,13,Wind,241,Friday,August,Summer,16980
5/24/2022,18,19,Wind,144,Tuesday,May,Spring,4509
9/10/2023,23,0,Wind,253,Sunday,September,Fall,2891
4/14/2025,15,16,Solar,104,Monday,April,Spring,8284
2/14/2025,12,13,Solar,45,Friday,February,Winter,9622
5/24/2025,1,2,Wind,144,Saturday,May,Spring,2417
7/19/2022,10,11,Solar,200,Tuesday,July,Summer,6985
11/30/2023,23,0,Wind,334,Thursday,November,Fall,1459
2/3/2025,0,1,Wind,34,Monday,February,Winter,1663
7/2/2020,17,18,Wind,184,Thursday,July,Summer,6989
3/29/2025,15,16,Wind,88,Saturday,March,Spring,12588
10/20/2025,21,22,Wind,293,Monday,October,Fall,17019
7/11/2020,8,9,Wind,193,Saturday,July,Summer,2387
8/13/2021,10,11,Solar,225,Friday,August,Summer,3071
5/13/2025,19,20,Wind,133,Tuesday,May,Spring,3028
5/28/2022,7,8,Wind,148,Saturday,May,Spring,3736
5/25/2024,19,20,Solar,146,Saturday,May,Spring,2497
3/1/2024,16,17,Wind,61,Friday,March,Spring,15488
2/1/2025,12,13,Solar,32,Saturday,February,Winter,6265
1/29/2020,11,12,Wind,29,Wednesday,January,Winter,8656
6/24/2025,6,7,Wind,175,Tuesday,June,Summer,2381
7/25/2024,19,20,Wind,207,Thursday,July,Summer,3757
12/12/2021,15,16,Wind,346,Sunday,December,Winter,3406
7/30/2023,10,11,Wind,211,Sunday,July,Summer,10162
8/10/2021,12,13,Solar,222,Tuesday,August,Summer,5674
4/19/2023,6,7,Wind,109,Wednesday,April,Spring,6801
9/12/2025,21,22,Wind,255,Friday,September,Fall,6028
3/14/2023,13,14,Wind,73,Tuesday,March,Spring,20075
8/19/2022,13,14,Solar,231,Friday,August,Summer,8025
8/28/2021,16,17,Wind,240,Saturday,August,Summer,9387
3/3/2022,12,13,Solar,62,Thursday,March,Spring,4140
2/19/2020,12,13,Wind,50,Wednesday,February,Winter,8496
3/9/2022,22,23,Wind,68,Wednesday,March,Spring,6290
8/25/2023,10,11,Wind,237,Friday,August,Summer,7231
8/26/2023,18,19,Wind,238,Saturday,August,Summer,3633
1/5/2025,2,3,Wind,5,Sunday,January,Winter,11792
6/15/2023,17,18,Solar,166,Thursday,June,Summer,6607
6/22/2022,10,11,Solar,173,Wednesday,June,Summer,4827
7/28/2021,12,13,Wind,209,Wednesday,July,Summer,8959
8/9/2022,2,3,Wind,221,Tuesday,August,Summer,6809
9/19/2021,0,1,Wind,262,Sunday,September,Fall,3579
6/5/2022,22,23,Wind,156,Sunday,June,Summer,3284
5/17/2021,1,2,Wind,137,Monday,May,Spring,10855
1/6/2024,22,23,Wind,6,Saturday,January,Winter,7362
6/22/2025,8,9,Wind,173,Sunday,June,Summer,4620
5/24/2021,15,16,Wind,144,Monday,May,Spring,13322
12/16/2021,4,5,Wind,350,Thursday,December,Winter,1969
9/9/2021,14,15,Wind,252,Thursday,September,Fall,5286
11/28/2020,23,0,Wind,333,Saturday,November,Fall,4754
6/5/2020,15,16,Wind,157,Friday,June,Summer,14071
11/15/2024,16,17,Wind,320,Friday,November,Fall,1821
9/13/2024,16,17,Solar,257,Friday,September,Fall,10679
7/19/2022,17,18,Wind,200,Tuesday,July,Summer,8845
6/17/2021,2,3,Wind,168,Thursday,June,Summer,4974
2/22/2022,21,22,Wind,53,Tuesday,February,Winter,8837
1/17/2024,20,21,Wind,17,Wednesday,January,Winter,7330
4/8/2022,2,3,Wind,98,Friday,April,Spring,7881
10/30/2022,18,19,Wind,303,Sunday,October,Fall,1624
7/9/2023,9,10,Solar,190,Sunday,July,Summer,4410
6/2/2020,11,12,Solar,154,Tuesday,June,Summer,3384
7/21/2025,4,5,Wind,202,Monday,July,Summer,10394
10/18/2024,18,19,Wind,292,Friday,October,Fall,2532
9/2/2022,22,23,Wind,245,Friday,September,Fall,1024
5/27/2023,14,15,Solar,147,Saturday,May,Spring,5976
3/15/2020,8,9,Wind,75,Sunday,March,Spring,5982
10/23/2024,9,10,Wind,297,Wednesday,October,Fall,3405
12/25/2020,9,10,Wind,360,Friday,December,Winter,6570
3/12/2025,21,22,Wind,71,Wednesday,March,Spring,2248
3/3/2023,21,22,Wind,62,Friday,March,Spring,5856
10/10/2022,22,23,Wind,283,Monday,October,Fall,2564
6/24/2020,8,9,Wind,176,Wednesday,June,Summer,3766
10/26/2020,2,3,Wind,300,Monday,October,Fall,5700
1/10/2022,21,22,Wind,10,Monday,January,Winter,2603
9/3/2024,2,3,Wind,247,Tuesday,September,Fall,513
2/3/2021,7,8,Wind,34,Wednesday,February,Winter,9834
10/5/2020,6,7,Wind,279,Monday,October,Fall,9314
8/18/2021,18,19,Wind,230,Wednesday,August,Summer,3918
7/8/2021,3,4,Wind,189,Thursday,July,Summer,1458
8/20/2022,12,13,Solar,232,Saturday,August,Summer,6090
2/24/2023,13,14,Solar,55,Friday,February,Winter,6198
7/5/2025,9,10,Solar,186,Saturday,July,Summer,6839
1/21/2024,2,3,Wind,21,Sunday,January,Winter,11855
2/27/2021,23,0,Wind,58,Saturday,February,Winter,8380
10/13/2024,5,6,Wind,287,Sunday,October,Fall,2418
6/20/2022,3,4,Wind,171,Monday,June,Summer,4084
12/3/2023,5,6,Wind,337,Sunday,December,Winter,6861
8/4/2021,14,15,Solar,216,Wednesday,August,Summer,3337
7/7/2020,9,10,Solar,189,Tuesday,July,Summer,3236
10/10/2023,15,16,Solar,283,Tuesday,October,Fall,6674
2/11/2020,2,3,Wind,42,Tuesday,February,Winter,12337
7/2/2021,13,14,Solar,183,Friday,July,Summer,4836
8/27/2024,0,1,Wind,240,Tuesday,August,Summer,2350
7/18/2022,19,20,Wind,199,Monday,July,Summer,3281
10/8/2025,18,19,Wind,281,Wednesday,October,Fall,2375
12/6/2023,1,2,Wind,340,Wednesday,December,Winter,3323
9/30/2024,9,10,Wind,274,Monday,September,Fall,15849
5/5/2022,1,2,Wind,125,Thursday,May,Spring,2097
4/17/2020,18,19,Wind,108,Friday,April,Spring,2983
9/29/2020,12,13,Solar,273,Tuesday,September,Fall,3747
3/29/2023,17,18,Wind,88,Wednesday,March,Spring,9807
2/26/2025,5,6,Wind,57,Wednesday,February,Winter,7888
2/1/2025,23,0,Wind,32,Saturday,February,Winter,3977
4/30/2025,6,7,Wind,120,Wednesday,April,Spring,3827
4/23/2021,3,4,Wind,113,Friday,April,Spring,6116
7/11/2022,22,23,Wind,192,Monday,July,Summer,3652
6/26/2020,6,7,Wind,178,Friday,June,Summer,3199
8/2/2025,7,8,Wind,214,Saturday,August,Summer,4482
5/11/2025,17,18,Wind,131,Sunday,May,Spring,4090
11/16/2021,18,19,Wind,320,Tuesday,November,Fall,1101
4/20/2021,19,20,Wind,110,Tuesday,April,Spring,1160
3/24/2022,14,15,Solar,83,Thursday,March,Spring,6833
12/9/2020,7,8,Wind,344,Wednesday,December,Winter,2764
2/21/2020,10,11,Wind,52,Friday,February,Winter,5295
4/5/2025,21,22,Wind,95,Saturday,April,Spring,8059
9/6/2024,0,1,Wind,250,Friday,September,Fall,764
4/5/2025,4,5,Wind,95,Saturday,April,Spring,7492
7/13/2025,0,1,Wind,194,Sunday,July,Summer,4224
3/9/2024,21,22,Wind,69,Saturday,March,Spring,5774
4/7/2023,19,20,Wind,97,Friday,April,Spring,3276
8/2/2022,12,13,Solar,214,Tuesday,August,Summer,6726
6/17/2022,14,15,Solar,168,Friday,June,Summer,6767
8/14/2020,14,15,Solar,227,Friday,August,Summer,4993
12/3/2024,20,21,Wind,338,Tuesday,December,Winter,1073
10/13/2024,22,23,Wind,287,Sunday,October,Fall,2745
8/29/2023,0,1,Wind,241,Tuesday,August,Summer,2934
2/22/2023,4,5,Wind,53,Wednesday,February,Winter,3066
9/8/2021,5,6,Wind,251,Wednesday,September,Fall,5438
5/5/2022,10,11,Solar,125,Thursday,May,Spring,4537
11/4/2022,7,8,Wind,308,Friday,November,Fall,6522
7/16/2021,23,0,Wind,197,Friday,July,Summer,3250
7/23/2022,7,8,Wind,204,Saturday,July,Summer,1348
3/18/2025,15,16,Wind,77,Tuesday,March,Spring,14023
9/21/2023,22,23,Wind,264,Thursday,September,Fall,6683
4/24/2023,9,10,Wind,114,Monday,April,Spring,7316
9/3/2021,7,8,Wind,246,Friday,September,Fall,2116
9/2/2023,23,0,Wind,245,Saturday,September,Fall,4684
10/20/2021,6,7,Wind,293,Wednesday,October,Fall,10876
3/12/2021,23,0,Wind,71,Friday,March,Spring,13614
10/3/2025,6,7,Wind,276,Friday,October,Fall,5127
9/19/2023,23,0,Wind,262,Tuesday,September,Fall,6877
2/17/2020,1,2,Wind,48,Monday,February,Winter,8444
10/17/2022,6,7,Wind,290,Monday,October,Fall,7788
1/5/2022,3,4,Wind,5,Wednesday,January,Winter,7616
7/17/2025,9,10,Solar,198,Thursday,July,Summer,5531
9/22/2021,18,19,Wind,265,Wednesday,September,Fall,2088
6/20/2025,11,12,Solar,171,Friday,June,Summer,10259
2/18/2022,15,16,Wind,49,Friday,February,Winter,14791
4/3/2022,22,23,Wind,93,Sunday,April,Spring,1510
10/16/2020,18,19,Wind,290,Friday,October,Fall,1636
10/6/2022,5,6,Wind,279,Thursday,October,Fall,2090
4/28/2020,23,0,Wind,119,Tuesday,April,Spring,4946
3/13/2023,23,0,Wind,72,Monday,March,Spring,15758
5/26/2020,21,22,Wind,147,Tuesday,May,Spring,4408
9/29/2022,6,7,Wind,272,Thursday,September,Fall,1419
6/29/2025,4,5,Wind,180,Sunday,June,Summer,2696
6/26/2025,12,13,Wind,177,Thursday,June,Summer,14264
5/26/2020,18,19,Wind,147,Tuesday,May,Spring,6277
9/7/2021,17,18,Wind,250,Tuesday,September,Fall,6012
10/16/2020,5,6,Wind,290,Friday,October,Fall,3142
6/20/2025,22,23,Wind,171,Friday,June,Summer,4161
12/2/2020,14,15,Wind,337,Wednesday,December,Winter,2577
4/3/2020,13,14,Solar,94,Friday,April,Spring,5002
6/19/2023,12,13,Solar,170,Monday,June,Summer,6321
7/14/2022,21,22,Wind,195,Thursday,July,Summer,5239
3/17/2021,21,22,Wind,76,Wednesday,March,Spring,5437
12/8/2022,3,4,Wind,342,Thursday,December,Winter,1242
12/12/2020,19,20,Wind,347,Saturday,December,Winter,6484
9/15/2022,18,19,Wind,258,Thursday,September,Fall,3250
11/19/2023,6,7,Wind,323,Sunday,November,Fall,11720
3/8/2024,11,12,Wind,68,Friday,March,Spring,10265
11/13/2025,18,19,Wind,317,Thursday,November,Fall,10591
3/22/2020,21,22,Wind,82,Sunday,March,Spring,9593
5/22/2024,1,2,Wind,143,Wednesday,May,Spring,4611
7/25/2022,23,0,Wind,206,Monday,July,Summer,5596
1/1/2023,1,2,Wind,1,Sunday,January,Winter,11283
12/11/2020,1,2,Wind,346,Friday,December,Winter,6767
7/1/2023,5,6,Wind,182,Saturday,July,Summer,7440
5/3/2021,4,5,Wind,123,Monday,May,Spring,657
8/27/2020,15,16,Wind,240,Thursday,August,Summer,7459
12/27/2023,12,13,Wind,361,Wednesday,December,Winter,13912
4/11/2024,17,18,Solar,102,Thursday,April,Spring,5597
10/1/2021,22,23,Wind,274,Friday,October,Fall,4034
9/23/2025,12,13,Wind,266,Tuesday,September,Fall,12969
3/19/2021,20,21,Wind,78,Friday,March,Spring,7181
12/27/2020,19,20,Wind,362,Sunday,December,Winter,8326
5/10/2021,18,19,Wind,130,Monday,May,Spring,4506
11/3/2020,5,6,Wind,308,Tuesday,November,Fall,3252
11/3/2024,22,23,Wind,308,Sunday,November,Fall,2791
5/9/2021,4,5,Wind,129,Sunday,May,Spring,8251
6/10/2025,9,10,Solar,161,Tuesday,June,Summer,7037
3/6/2024,22,23,Wind,66,Wednesday,March,Spring,2314
11/3/2020,11,12,Wind,308,Tuesday,November,Fall,7836
9/18/2021,7,8,Wind,261,Saturday,September,Fall,1755
5/4/2020,19,20,Wind,125,Monday,May,Spring,4587
2/14/2022,18,19,Wind,45,Monday,February,Winter,6618
10/18/2020,18,19,Wind,292,Sunday,October,Fall,522
11/11/2020,6,7,Wind,316,Wednesday,November,Fall,733
5/13/2024,20,21,Wind,134,Monday,May,Spring,3925
1/14/2025,23,0,Wind,14,Tuesday,January,Winter,2984
8/26/2022,17,18,Solar,238,Friday,August,Summer,5462
6/26/2020,18,19,Wind,178,Friday,June,Summer,3680
4/24/2025,21,22,Wind,114,Thursday,April,Spring,4076
11/24/2025,22,23,Wind,328,Monday,November,Fall,9801
7/13/2023,5,6,Wind,194,Thursday,July,Summer,2155
8/28/2021,6,7,Wind,240,Saturday,August,Summer,3722
9/23/2025,15,16,Wind,266,Tuesday,September,Fall,12917
9/16/2022,10,11,Solar,259,Friday,September,Fall,4975
3/10/2022,17,18,Wind,69,Thursday,March,Spring,4799
6/7/2025,8,9,Wind,158,Saturday,June,Summer,9072
7/25/2025,4,5,Wind,206,Friday,July,Summer,2111
12/14/2020,13,14,Wind,349,Monday,December,Winter,6019
4/21/2021,20,21,Wind,111,Wednesday,April,Spring,5054
10/19/2022,21,22,Wind,292,Wednesday,October,Fall,7426
4/13/2025,13,14,Wind,103,Sunday,April,Spring,4783
11/7/2025,0,1,Wind,311,Friday,November,Fall,2662
8/20/2024,7,8,Wind,233,Tuesday,August,Summer,3600
7/30/2024,21,22,Wind,212,Tuesday,July,Summer,2502
3/7/2023,22,23,Wind,66,Tuesday,March,Spring,6916
12/13/2020,3,4,Wind,348,Sunday,December,Winter,4008
3/17/2023,13,14,Wind,76,Friday,March,Spring,12263
9/11/2023,4,5,Wind,254,Monday,September,Fall,1317
3/12/2023,1,2,Wind,71,Sunday,March,Spring,6082
10/14/2020,18,19,Wind,288,Wednesday,October,Fall,5325
11/6/2025,12,13,Wind,310,Thursday,November,Fall,6278
4/26/2024,16,17,Solar,117,Friday,April,Spring,5775
11/3/2024,3,4,Wind,308,Sunday,November,Fall,3106
6/22/2022,23,0,Wind,173,Wednesday,June,Summer,1640
3/20/2020,23,0,Wind,80,Friday,March,Spring,8105
8/19/2025,19,20,Wind,231,Tuesday,August,Summer,4330
9/28/2021,10,11,Solar,271,Tuesday,September,Fall,3345
8/22/2021,12,13,Wind,234,Sunday,August,Summer,8102
5/4/2024,12,13,Wind,125,Saturday,May,Spring,9129
10/4/2024,3,4,Wind,278,Friday,October,Fall,4898
3/4/2022,23,0,Wind,63,Friday,March,Spring,3137
12/10/2022,19,20,Wind,344,Saturday,December,Winter,1861
1/29/2025,3,4,Wind,29,Wednesday,January,Winter,15556
1/10/2021,10,11,Wind,10,Sunday,January,Winter,4394
11/15/2020,0,1,Wind,320,Sunday,November,Fall,10818
4/18/2020,15,16,Solar,109,Saturday,April,Spring,2973
2/3/2022,5,6,Wind,34,Thursday,February,Winter,2929
9/13/2022,21,22,Wind,256,Tuesday,September,Fall,2822
11/26/2024,17,18,Wind,331,Tuesday,November,Fall,3769
1/27/2021,10,11,Wind,27,Wednesday,January,Winter,5277
8/21/2025,17,18,Wind,233,Thursday,August,Summer,10878
7/11/2025,1,2,Wind,192,Friday,July,Summer,4862
12/31/2022,4,5,Wind,365,Saturday,December,Winter,15764
8/8/2023,10,11,Solar,220,Tuesday,August,Summer,7019
12/29/2020,21,22,Wind,364,Tuesday,December,Winter,3155
9/1/2021,11,12,Wind,244,Wednesday,September,Fall,9100
12/7/2020,5,6,Wind,342,Monday,December,Winter,910
10/4/2025,15,16,Wind,277,Saturday,October,Fall,13739
6/19/2025,5,6,Wind,170,Thursday,June,Summer,4974
9/3/2022,17,18,Wind,246,Saturday,September,Fall,5467
7/1/2024,16,17,Solar,183,Monday,July,Summer,9539
9/18/2021,15,16,Solar,261,Saturday,September,Fall,3777
1/14/2020,12,13,Wind,14,Tuesday,January,Winter,14254
9/20/2021,2,3,Wind,263,Monday,September,Fall,1783
12/11/2021,3,4,Wind,345,Saturday,December,Winter,7886
4/4/2020,21,22,Wind,95,Saturday,April,Spring,5074
11/5/2022,18,19,Wind,309,Saturday,November,Fall,5536
7/26/2021,20,21,Wind,207,Monday,July,Summer,2420
11/26/2022,12,13,Wind,330,Saturday,November,Fall,5590
9/18/2020,13,14,Wind,262,Friday,September,Fall,6346
2/4/2020,16,17,Wind,35,Tuesday,February,Winter,11924
5/14/2024,4,5,Wind,135,Tuesday,May,Spring,7995
7/28/2023,19,20,Wind,209,Friday,July,Summer,5624
6/29/2022,17,18,Solar,180,Wednesday,June,Summer,5001
6/24/2023,23,0,Wind,175,Saturday,June,Summer,2828
5/27/2023,8,9,Wind,147,Saturday,May,Spring,5721
6/16/2025,20,21,Wind,167,Monday,June,Summer,2901
6/10/2023,18,19,Solar,161,Saturday,June,Summer,4468
8/1/2025,8,9,Solar,213,Friday,August,Summer,3518
10/18/2023,2,3,Wind,291,Wednesday,October,Fall,10652
3/18/2020,16,17,Solar,78,Wednesday,March,Spring,2387
3/14/2024,8,9,Wind,74,Thursday,March,Spring,7457
5/16/2025,23,0,Wind,136,Friday,May,Spring,8373
2/18/2023,0,1,Wind,49,Saturday,February,Winter,5548
7/23/2022,16,17,Solar,204,Saturday,July,Summer,6197
8/16/2022,12,13,Solar,228,Tuesday,August,Summer,6043
2/18/2024,12,13,Wind,49,Sunday,February,Winter,14825
12/20/2024,3,4,Wind,355,Friday,December,Winter,8808
10/25/2022,22,23,Wind,298,Tuesday,October,Fall,6592
12/11/2022,21,22,Wind,345,Sunday,December,Winter,1627
11/4/2025,18,19,Wind,308,Tuesday,November,Fall,14445
8/14/2020,0,1,Wind,227,Friday,August,Summer,2144
5/10/2020,13,14,Wind,131,Sunday,May,Spring,2623
3/3/2020,20,21,Wind,63,Tuesday,March,Spring,2875
12/18/2022,0,1,Wind,352,Sunday,December,Winter,4061
10/11/2022,17,18,Solar,284,Tuesday,October,Fall,1835
11/3/2021,16,17,Wind,307,Wednesday,November,Fall,3274
3/3/2023,2,3,Wind,62,Friday,March,Spring,4064
7/30/2022,14,15,Solar,211,Saturday,July,Summer,7363
4/27/2022,19,20,Wind,117,Wednesday,April,Spring,6697
11/8/2025,1,2,Wind,312,Saturday,November,Fall,1793
5/31/2025,3,4,Wind,151,Saturday,May,Spring,879
8/8/2020,13,14,Solar,221,Saturday,August,Summer,4095
5/31/2025,18,19,Solar,151,Saturday,May,Spring,5672
8/16/2025,10,11,Solar,228,Saturday,August,Summer,10645
12/25/2023,14,15,Wind,359,Monday,December,Winter,14253
6/1/2022,19,20,Wind,152,Wednesday,June,Summer,2649
4/13/2023,1,2,Wind,103,Thursday,April,Spring,15743
7/21/2020,22,23,Wind,203,Tuesday,July,Summer,5093
5/1/2020,21,22,Wind,122,Friday,May,Spring,7037
1/1/2024,3,4,Wind,1,Monday,January,Winter,9309
1/16/2024,15,16,Solar,16,Tuesday,January,Winter,1871
7/11/2025,14,15,Solar,192,Friday,July,Summer,13109
6/29/2020,3,4,Wind,181,Monday,June,Summer,2917
1/17/2024,18,19,Wind,17,Wednesday,January,Winter,9363
3/31/2025,10,11,Solar,90,Monday,March,Spring,9527
9/22/2021,3,4,Wind,265,Wednesday,September,Fall,2010
1/3/2021,8,9,Wind,3,Sunday,January,Winter,1604
4/1/2023,15,16,Wind,91,Saturday,April,Spring,16341
2/14/2025,9,10,Wind,45,Friday,February,Winter,6637
9/14/2024,23,0,Wind,258,Saturday,September,Fall,3929
2/9/2023,6,7,Wind,40,Thursday,February,Winter,1172
10/23/2023,4,5,Wind,296,Monday,October,Fall,5375
1/31/2021,6,7,Wind,31,Sunday,January,Winter,3009
2/26/2023,11,12,Wind,57,Sunday,February,Winter,22043
7/25/2025,14,15,Solar,206,Friday,July,Summer,9373
11/23/2024,21,22,Wind,328,Saturday,November,Fall,19031
7/1/2022,22,23,Wind,182,Friday,July,Summer,845
6/6/2021,21,22,Wind,157,Sunday,June,Summer,1802
7/8/2024,8,9,Solar,190,Monday,July,Summer,3111
4/7/2024,23,0,Wind,98,Sunday,April,Spring,4677
5/17/2021,12,13,Wind,137,Monday,May,Spring,15300
3/15/2023,19,20,Wind,74,Wednesday,March,Spring,2059
2/18/2024,0,1,Wind,49,Sunday,February,Winter,5504
3/25/2025,21,22,Wind,84,Tuesday,March,Spring,3839
5/5/2020,8,9,Wind,126,Tuesday,May,Spring,5591
5/3/2025,3,4,Wind,123,Saturday,May,Spring,6936
6/4/2023,23,0,Wind,155,Sunday,June,Summer,6760
9/22/2023,22,23,Wind,265,Friday,September,Fall,6457
5/10/2020,5,6,Wind,131,Sunday,May,Spring,2056
7/11/2020,11,12,Solar,193,Saturday,July,Summer,4885
7/21/2024,0,1,Wind,203,Sunday,July,Summer,3435
7/18/2023,9,10,Solar,199,Tuesday,July,Summer,4325
6/29/2025,1,2,Wind,180,Sunday,June,Summer,3834
5/22/2024,9,10,Wind,143,Wednesday,May,Spring,8005
4/8/2024,22,23,Wind,99,Monday,April,Spring,9778
7/5/2020,1,2,Wind,187,Sunday,July,Summer,7405
1/11/2021,17,18,Wind,11,Monday,January,Winter,6090
2/28/2021,3,4,Wind,59,Sunday,February,Winter,7607
8/13/2024,5,6,Wind,226,Tuesday,August,Summer,1209
5/29/2020,10,11,Solar,150,Friday,May,Spring,5407
2/25/2022,19,20,Wind,56,Friday,February,Winter,3155
8/24/2024,13,14,Wind,237,Saturday,August,Summer,10581
8/19/2023,11,12,Solar,231,Saturday,August,Summer,6990
3/3/2020,7,8,Wind,63,Tuesday,March,Spring,4102
8/17/2021,17,18,Wind,229,Tuesday,August,Summer,7713
3/3/2024,0,1,Wind,63,Sunday,March,Spring,2949
8/30/2020,0,1,Wind,243,Sunday,August,Summer,2869
10/9/2021,2,3,Wind,282,Saturday,October,Fall,3926
5/10/2020,17,18,Wind,131,Sunday,May,Spring,4035
3/27/2020,18,19,Wind,87,Friday,March,Spring,2867
11/11/2023,13,14,Solar,315,Saturday,November,Fall,5880
10/31/2023,1,2,Wind,304,Tuesday,October,Fall,7202
3/15/2025,10,11,Wind,74,Saturday,March,Spring,15859
9/22/2023,14,15,Wind,265,Friday,September,Fall,13152
2/19/2023,9,10,Wind,50,Sunday,February,Winter,5578
5/4/2023,8,9,Wind,124,Thursday,May,Spring,7756
6/13/2021,14,15,Solar,164,Sunday,June,Summer,5069
1/25/2022,9,10,Solar,25,Tuesday,January,Winter,1114
7/8/2023,21,22,Wind,189,Saturday,July,Summer,1136
9/29/2021,6,7,Wind,272,Wednesday,September,Fall,6686
6/26/2020,11,12,Solar,178,Friday,June,Summer,4861
7/26/2022,12,13,Solar,207,Tuesday,July,Summer,6546
6/13/2022,14,15,Solar,164,Monday,June,Summer,7174
7/3/2021,8,9,Wind,184,Saturday,July,Summer,2116
1/14/2024,12,13,Solar,14,Sunday,January,Winter,3571
3/7/2024,8,9,Wind,67,Thursday,March,Spring,7880
6/17/2021,10,11,Wind,168,Thursday,June,Summer,5129
3/17/2025,17,18,Wind,76,Monday,March,Spring,12710
8/20/2023,23,0,Wind,232,Sunday,August,Summer,2891
2/16/2021,7,8,Wind,47,Tuesday,February,Winter,10321
11/13/2022,16,17,Wind,317,Sunday,November,Fall,1605
8/19/2020,18,19,Wind,232,Wednesday,August,Summer,5719
5/19/2024,16,17,Solar,140,Sunday,May,Spring,2867
1/13/2022,20,21,Wind,13,Thursday,January,Winter,2891
6/7/2025,6,7,Wind,158,Saturday,June,Summer,7180
4/18/2021,23,0,Wind,108,Sunday,April,Spring,1954
8/1/2021,5,6,Wind,213,Sunday,August,Summer,2357
4/27/2021,0,1,Wind,117,Tuesday,April,Spring,6406
5/31/2023,9,10,Wind,151,Wednesday,May,Spring,7949
10/3/2023,9,10,Wind,276,Tuesday,October,Fall,9763
5/13/2020,19,20,Wind,134,Wednesday,May,Spring,8135
6/12/2023,22,23,Wind,163,Monday,June,Summer,2753
11/11/2022,4,5,Wind,315,Friday,November,Fall,2858
4/14/2021,13,14,Wind,104,Wednesday,April,Spring,8978
12/16/2023,2,3,Wind,350,Saturday,December,Winter,1986
7/17/2021,22,23,Wind,198,Saturday,July,Summer,4501
4/18/2024,16,17,Solar,109,Thursday,April,Spring,8128
7/19/2025,18,19,Wind,200,Saturday,July,Summer,8795
1/26/2023,6,7,Wind,26,Thursday,January,Winter,2238
8/11/2022,21,22,Wind,223,Thursday,August,Summer,4852
6/21/2024,21,22,Wind,173,Friday,June,Summer,4798
3/22/2023,9,10,Wind,81,Wednesday,March,Spring,13652
8/3/2025,14,15,Solar,215,Sunday,August,Summer,6657
2/13/2020,1,2,Wind,44,Thursday,February,Winter,7835
1/4/2021,8,9,Wind,4,Monday,January,Winter,1699
5/7/2022,11,12,Solar,127,Saturday,May,Spring,6711
7/31/2020,10,11,Solar,213,Friday,July,Summer,4357
5/23/2024,6,7,Wind,144,Thursday,May,Spring,2688
7/11/2021,21,22,Wind,192,Sunday,July,Summer,868
9/26/2025,22,23,Wind,269,Friday,September,Fall,313
5/6/2024,6,7,Wind,127,Monday,May,Spring,3361
9/12/2023,13,14,Solar,255,Tuesday,September,Fall,4933
5/25/2023,20,21,Wind,145,Thursday,May,Spring,7031
11/30/2021,21,22,Wind,334,Tuesday,November,Fall,12769
5/12/2024,17,18,Wind,133,Sunday,May,Spring,6724
11/2/2023,10,11,Wind,306,Thursday,November,Fall,15126
8/5/2023,5,6,Wind,217,Saturday,August,Summer,2691
2/4/2024,23,0,Wind,35,Sunday,February,Winter,7222
6/2/2022,8,9,Wind,153,Thursday,June,Summer,3841
1/29/2021,10,11,Wind,29,Friday,January,Winter,14856
10/11/2021,5,6,Wind,284,Monday,October,Fall,2918
8/15/2024,3,4,Wind,228,Thursday,August,Summer,1492
4/28/2020,1,2,Wind,119,Tuesday,April,Spring,2577
5/8/2020,17,18,Solar,129,Friday,May,Spring,3383
11/26/2023,9,10,Wind,330,Sunday,November,Fall,3686
11/22/2022,23,0,Wind,326,Tuesday,November,Fall,8882
12/9/2020,17,18,Wind,344,Wednesday,December,Winter,2329
4/27/2022,14,15,Solar,117,Wednesday,April,Spring,9731
11/6/2022,7,8,Wind,310,Sunday,November,Fall,8112
6/15/2023,19,20,Wind,166,Thursday,June,Summer,3676
5/8/2022,10,11,Solar,128,Sunday,May,Spring,6177
10/11/2021,0,1,Wind,284,Monday,October,Fall,3875
6/24/2020,4,5,Wind,176,Wednesday,June,Summer,4432
5/9/2021,19,20,Wind,129,Sunday,May,Spring,9742
5/30/2020,19,20,Wind,151,Saturday,May,Spring,4315
11/24/2020,0,1,Wind,329,Tuesday,November,Fall,1746
12/27/2021,10,11,Wind,361,Monday,December,Winter,8533
10/20/2020,7,8,Wind,294,Tuesday,October,Fall,10025
6/8/2025,23,0,Wind,159,Sunday,June,Summer,2194
2/15/2021,8,9,Wind,46,Monday,February,Winter,10609
3/18/2021,19,20,Wind,77,Thursday,March,Spring,3876
5/17/2021,15,16,Wind,137,Monday,May,Spring,15134
1/20/2020,21,22,Wind,20,Monday,January,Winter,5336
4/10/2022,0,1,Wind,100,Sunday,April,Spring,1683
10/15/2025,18,19,Wind,288,Wednesday,October,Fall,5526
1/7/2020,13,14,Wind,7,Tuesday,January,Winter,4300
8/28/2021,5,6,Wind,240,Saturday,August,Summer,3976
12/21/2020,11,12,Wind,356,Monday,December,Winter,12351
10/22/2023,8,9,Wind,295,Sunday,October,Fall,6622
9/13/2023,6,7,Wind,256,Wednesday,September,Fall,1142
3/18/2023,0,1,Wind,77,Saturday,March,Spring,6164
11/11/2022,13,14,Solar,315,Friday,November,Fall,6121
8/4/2020,7,8,Wind,217,Tuesday,August,Summer,1848
9/24/2021,19,20,Wind,267,Friday,September,Fall,811
4/6/2023,17,18,Wind,96,Thursday,April,Spring,9974
1/24/2025,12,13,Wind,24,Friday,January,Winter,20266
2/27/2024,7,8,Wind,58,Tuesday,February,Winter,11863
7/13/2024,2,3,Wind,195,Saturday,July,Summer,1314
10/16/2025,18,19,Wind,289,Thursday,October,Fall,4569
1/19/2023,0,1,Wind,19,Thursday,January,Winter,3941
10/29/2020,12,13,Wind,303,Thursday,October,Fall,8304
4/13/2023,10,11,Wind,103,Thursday,April,Spring,12488
11/16/2020,12,13,Wind,321,Monday,November,Fall,8614
7/29/2023,18,19,Wind,210,Saturday,July,Summer,9214
11/12/2025,22,23,Wind,316,Wednesday,November,Fall,13981
10/26/2025,5,6,Wind,299,Sunday,October,Fall,9488
10/2/2025,13,14,Solar,275,Thursday,October,Fall,10562
9/1/2020,16,17,Solar,245,Tuesday,September,Fall,4322
9/19/2024,7,8,Wind,263,Thursday,September,Fall,8099
5/15/2021,4,5,Wind,135,Saturday,May,Spring,4140
2/13/2021,18,19,Wind,44,Saturday,February,Winter,6179
8/20/2023,3,4,Wind,232,Sunday,August,Summer,1018
3/17/2025,9,10,Solar,76,Monday,March,Spring,9414
4/15/2023,19,20,Wind,105,Saturday,April,Spring,10025
10/6/2022,6,7,Wind,279,Thursday,October,Fall,1907
12/20/2023,1,2,Wind,354,Wednesday,December,Winter,8716
4/20/2025,21,22,Wind,110,Sunday,April,Spring,3971
11/28/2024,6,7,Wind,333,Thursday,November,Fall,2505
9/7/2025,5,6,Wind,250,Sunday,September,Fall,6061
8/19/2024,14,15,Solar,232,Monday,August,Summer,9521
11/20/2022,17,18,Wind,324,Sunday,November,Fall,9046
2/9/2021,3,4,Wind,40,Tuesday,February,Winter,2115
5/10/2021,16,17,Wind,130,Monday,May,Spring,7215
12/23/2020,0,1,Wind,358,Wednesday,December,Winter,7054
9/12/2020,12,13,Solar,256,Saturday,September,Fall,4331
10/11/2024,5,6,Wind,285,Friday,October,Fall,622
1/21/2024,16,17,Wind,21,Sunday,January,Winter,14424
6/30/2023,15,16,Wind,181,Friday,June,Summer,9841
2/17/2023,2,3,Wind,48,Friday,February,Winter,7016
8/3/2023,15,16,Wind,215,Thursday,August,Summer,12675
12/28/2023,20,21,Wind,362,Thursday,December,Winter,13984
5/10/2020,12,13,Wind,131,Sunday,May,Spring,2636
11/3/2025,18,19,Wind,307,Monday,November,Fall,8937
2/3/2025,21,22,Wind,34,Monday,February,Winter,1946
2/24/2024,0,1,Wind,55,Saturday,February,Winter,6656
9/6/2020,0,1,Wind,250,Sunday,September,Fall,2406
8/19/2020,14,15,Wind,232,Wednesday,August,Summer,7727
2/22/2021,20,21,Wind,53,Monday,February,Winter,5302
9/6/2021,11,12,Solar,249,Monday,September,Fall,4607
4/5/2024,7,8,Wind,96,Friday,April,Spring,14615
12/24/2020,7,8,Wind,359,Thursday,December,Winter,11043
4/11/2023,21,22,Wind,101,Tuesday,April,Spring,8468
5/6/2025,23,0,Wind,126,Tuesday,May,Spring,9254
3/10/2023,19,20,Wind,69,Friday,March,Spring,6183
7/27/2024,13,14,Solar,209,Saturday,July,Summer,6448
8/15/2022,9,10,Wind,227,Monday,August,Summer,4944
1/24/2024,8,9,Wind,24,Wednesday,January,Winter,15725
6/11/2024,6,7,Wind,163,Tuesday,June,Summer,1917
10/5/2024,20,21,Wind,279,Saturday,October,Fall,7671
5/22/2020,6,7,Wind,143,Friday,May,Spring,3939
12/31/2021,0,1,Wind,365,Friday,December,Winter,5685
7/26/2025,4,5,Wind,207,Saturday,July,Summer,2368
1/25/2020,11,12,Solar,25,Saturday,January,Winter,2622
11/30/2021,8,9,Wind,334,Tuesday,November,Fall,11135
6/2/2022,20,21,Wind,153,Thursday,June,Summer,2050
12/12/2024,21,22,Wind,347,Thursday,December,Winter,3531
8/25/2024,16,17,Solar,238,Sunday,August,Summer,4862
1/2/2020,12,13,Wind,2,Thursday,January,Winter,4169
9/7/2023,5,6,Wind,250,Thursday,September,Fall,2215
7/17/2023,21,22,Wind,198,Monday,July,Summer,1150
6/4/2025,11,12,Solar,155,Wednesday,June,Summer,6538
9/12/2022,23,0,Wind,255,Monday,September,Fall,2700
9/16/2020,0,1,Wind,260,Wednesday,September,Fall,800
4/6/2020,14,15,Wind,97,Monday,April,Spring,6087
3/6/2022,21,22,Wind,65,Sunday,March,Spring,7693
12/20/2022,5,6,Wind,354,Tuesday,December,Winter,13622
3/19/2023,18,19,Wind,78,Sunday,March,Spring,3522
5/14/2021,22,23,Wind,134,Friday,May,Spring,3321
3/19/2022,20,21,Wind,78,Saturday,March,Spring,9623
4/15/2023,11,12,Wind,105,Saturday,April,Spring,12042
11/10/2020,0,1,Wind,315,Tuesday,November,Fall,1153
10/8/2025,4,5,Wind,281,Wednesday,October,Fall,584
7/29/2025,19,20,Wind,210,Tuesday,July,Summer,5792
10/8/2021,2,3,Wind,281,Friday,October,Fall,3432
3/11/2022,18,19,Wind,70,Friday,March,Spring,10430
10/7/2025,17,18,Solar,280,Tuesday,October,Fall,3781
2/26/2025,16,17,Wind,57,Wednesday,February,Winter,15275
1/27/2023,20,21,Wind,27,Friday,January,Winter,7462
7/4/2024,1,2,Wind,186,Thursday,July,Summer,6505
8/27/2025,5,6,Wind,239,Wednesday,August,Summer,2086
4/13/2020,3,4,Wind,104,Monday,April,Spring,3469
11/3/2020,0,1,Wind,308,Tuesday,November,Fall,3597
4/21/2025,20,21,Wind,111,Monday,April,Spring,3158
4/13/2021,18,19,Wind,103,Tuesday,April,Spring,4444
11/14/2024,23,0,Wind,319,Thursday,November,Fall,3238
3/1/2022,2,3,Wind,60,Tuesday,March,Spring,2865
3/20/2023,20,21,Wind,79,Monday,March,Spring,1690
7/15/2024,12,13,Solar,197,Monday,July,Summer,8737
7/27/2025,2,3,Wind,208,Sunday,July,Summer,2172
8/5/2022,4,5,Wind,217,Friday,August,Summer,2957
12/10/2024,10,11,Wind,345,Tuesday,December,Winter,10560
12/19/2023,20,21,Wind,353,Tuesday,December,Winter,11260
8/11/2022,8,9,Wind,223,Thursday,August,Summer,4398
7/15/2021,6,7,Wind,196,Thursday,July,Summer,7253
3/29/2025,16,17,Wind,88,Saturday,March,Spring,11249
9/5/2025,20,21,Wind,248,Friday,September,Fall,687
11/11/2025,7,8,Wind,315,Tuesday,November,Fall,8058
6/18/2024,17,18,Solar,170,Tuesday,June,Summer,6244
4/4/2020,0,1,Wind,95,Saturday,April,Spring,996
3/31/2024,11,12,Wind,91,Sunday,March,Spring,10457
8/2/2022,21,22,Wind,214,Tuesday,August,Summer,957
7/20/2025,1,2,Wind,201,Sunday,July,Summer,4506
8/3/2023,1,2,Wind,215,Thursday,August,Summer,14771
7/12/2025,11,12,Solar,193,Saturday,July,Summer,9607
1/26/2020,21,22,Wind,26,Sunday,January,Winter,8371
5/16/2022,8,9,Wind,136,Monday,May,Spring,5803
5/23/2021,0,1,Wind,143,Sunday,May,Spring,5905
3/18/2021,2,3,Wind,77,Thursday,March,Spring,3524
2/4/2021,1,2,Wind,35,Thursday,February,Winter,5125
6/10/2020,22,23,Wind,162,Wednesday,June,Summer,731
7/9/2023,18,19,Solar,190,Sunday,July,Summer,4652
8/13/2023,5,6,Wind,225,Sunday,August,Summer,931
3/20/2025,0,1,Wind,79,Thursday,March,Spring,6946
8/8/2023,3,4,Wind,220,Tuesday,August,Summer,1820
7/3/2023,14,15,Wind,184,Monday,July,Summer,11480
9/30/2023,1,2,Wind,273,Saturday,September,Fall,663
1/10/2020,22,23,Wind,10,Friday,January,Winter,1571
12/30/2024,12,13,Solar,365,Monday,December,Winter,3281
5/2/2021,18,19,Solar,122,Sunday,May,Spring,3016
8/7/2021,18,19,Wind,219,Saturday,August,Summer,11586
5/28/2021,0,1,Wind,148,Friday,May,Spring,2572
5/16/2022,11,12,Solar,136,Monday,May,Spring,7699
1/4/2020,23,0,Wind,4,Saturday,January,Winter,1931
11/8/2020,8,9,Wind,313,Sunday,November,Fall,3916
7/27/2023,7,8,Wind,208,Thursday,July,Summer,9065
9/10/2024,0,1,Wind,254,Tuesday,September,Fall,4683
3/19/2021,6,7,Wind,78,Friday,March,Spring,5907
2/28/2020,3,4,Wind,59,Friday,February,Winter,2643
5/18/2023,0,1,Wind,138,Thursday,May,Spring,7850
4/20/2020,3,4,Wind,111,Monday,April,Spring,5296
4/9/2020,6,7,Wind,100,Thursday,April,Spring,723
5/3/2025,13,14,Solar,123,Saturday,May,Spring,5971
7/30/2025,3,4,Wind,211,Wednesday,July,Summer,1452
4/28/2020,4,5,Wind,119,Tuesday,April,Spring,3067
2/26/2023,21,22,Wind,57,Sunday,February,Winter,14492
4/11/2021,14,15,Wind,101,Sunday,April,Spring,7658
5/8/2024,14,15,Solar,129,Wednesday,May,Spring,9558
4/8/2020,8,9,Wind,99,Wednesday,April,Spring,2303
7/4/2021,4,5,Wind,185,Sunday,July,Summer,862
1/28/2025,17,18,Wind,28,Tuesday,January,Winter,19004
11/14/2020,19,20,Wind,319,Saturday,November,Fall,11103
7/21/2020,0,1,Wind,203,Tuesday,July,Summer,4876
10/4/2022,1,2,Wind,277,Tuesday,October,Fall,1416
8/4/2024,17,18,Solar,217,Sunday,August,Summer,6580
1/2/2020,23,0,Wind,2,Thursday,January,Winter,6857
7/10/2021,20,21,Wind,191,Saturday,July,Summer,2043
2/26/2022,21,22,Wind,57,Saturday,February,Winter,9716
11/29/2022,17,18,Wind,333,Tuesday,November,Fall,1111
6/8/2025,7,8,Wind,159,Sunday,June,Summer,8306
4/5/2022,18,19,Wind,95,Tuesday,April,Spring,8495
3/10/2024,7,8,Wind,70,Sunday,March,Spring,2181
8/23/2020,19,20,Wind,236,Sunday,August,Summer,4332
11/24/2020,3,4,Wind,329,Tuesday,November,Fall,1768
7/23/2024,5,6,Wind,205,Tuesday,July,Summer,5404
5/23/2024,2,3,Wind,144,Thursday,May,Spring,2979
4/16/2023,5,6,Wind,106,Sunday,April,Spring,5054
6/6/2025,13,14,Wind,157,Friday,June,Summer,7339
1/19/2024,2,3,Wind,19,Friday,January,Winter,2193
12/17/2023,15,16,Solar,351,Sunday,December,Winter,3018
3/21/2025,18,19,Wind,80,Friday,March,Spring,8152
9/6/2020,2,3,Wind,250,Sunday,September,Fall,1961
12/4/2020,2,3,Wind,339,Friday,December,Winter,12264
7/17/2024,10,11,Solar,199,Wednesday,July,Summer,6067
10/1/2025,13,14,Solar,274,Wednesday,October,Fall,10058
3/30/2021,11,12,Solar,89,Tuesday,March,Spring,4810
5/24/2024,23,0,Wind,145,Friday,May,Spring,703
2/16/2023,11,12,Solar,47,Thursday,February,Winter,7999
11/2/2025,22,23,Wind,306,Sunday,November,Fall,8643
7/31/2024,21,22,Wind,213,Wednesday,July,Summer,1578
12/31/2024,8,9,Wind,366,Tuesday,December,Winter,4218
1/12/2023,5,6,Wind,12,Thursday,January,Winter,15968
3/9/2024,0,1,Wind,69,Saturday,March,Spring,11075
4/21/2025,6,7,Wind,111,Monday,April,Spring,3806
6/19/2022,16,17,Wind,170,Sunday,June,Summer,12018
3/24/2022,9,10,Solar,83,Thursday,March,Spring,4911
12/6/2023,14,15,Solar,340,Wednesday,December,Winter,3145
10/22/2020,15,16,Wind,296,Thursday,October,Fall,4372
9/1/2022,3,4,Wind,244,Thursday,September,Fall,3514
2/17/2023,6,7,Wind,48,Friday,February,Winter,7645
6/14/2025,19,20,Wind,165,Saturday,June,Summer,4111
9/28/2025,15,16,Solar,271,Sunday,September,Fall,5298
11/4/2025,11,12,Wind,308,Tuesday,November,Fall,13899
7/5/2021,12,13,Solar,186,Monday,July,Summer,7806
2/21/2022,3,4,Wind,52,Monday,February,Winter,14976
11/17/2025,20,21,Wind,321,Monday,November,Fall,5188
8/23/2024,7,8,Wind,236,Friday,August,Summer,11855
3/31/2022,13,14,Wind,90,Thursday,March,Spring,11938
9/28/2021,17,18,Wind,271,Tuesday,September,Fall,3222
6/24/2024,4,5,Wind,176,Monday,June,Summer,2733
9/3/2021,22,23,Wind,246,Friday,September,Fall,1704
10/3/2022,19,20,Wind,276,Monday,October,Fall,1114
8/22/2022,5,6,Wind,234,Monday,August,Summer,1373
2/27/2022,4,5,Wind,58,Sunday,February,Winter,8949
6/28/2022,23,0,Wind,179,Tuesday,June,Summer,1723
8/22/2025,0,1,Wind,234,Friday,August,Summer,6431
5/5/2023,18,19,Solar,125,Friday,May,Spring,4662
3/19/2022,13,14,Wind,78,Saturday,March,Spring,12710
4/18/2021,9,10,Solar,108,Sunday,April,Spring,3757
7/11/2025,17,18,Solar,192,Friday,July,Summer,11291
9/4/2025,19,20,Wind,247,Thursday,September,Fall,8069
10/21/2022,14,15,Wind,294,Friday,October,Fall,9441
7/27/2020,10,11,Wind,209,Monday,July,Summer,6801
7/9/2020,16,17,Wind,191,Thursday,July,Summer,7247
6/19/2023,16,17,Solar,170,Monday,June,Summer,4302
8/13/2020,7,8,Wind,226,Thursday,August,Summer,1791
9/21/2023,23,0,Wind,264,Thursday,September,Fall,7242
7/25/2022,10,11,Wind,206,Monday,July,Summer,8474
11/27/2023,18,19,Wind,331,Monday,November,Fall,11622
4/9/2022,10,11,Solar,99,Saturday,April,Spring,5360
11/2/2022,5,6,Wind,306,Wednesday,November,Fall,6705
8/17/2022,5,6,Wind,229,Wednesday,August,Summer,1436
4/20/2021,7,8,Wind,110,Tuesday,April,Spring,703
8/15/2024,6,7,Wind,228,Thursday,August,Summer,1268
7/11/2022,6,7,Wind,192,Monday,July,Summer,3830
7/2/2022,2,3,Wind,183,Saturday,July,Summer,670
5/24/2021,5,6,Wind,144,Monday,May,Spring,8343
2/24/2023,9,10,Wind,55,Friday,February,Winter,5199
4/14/2021,15,16,Wind,104,Wednesday,April,Spring,9278
4/12/2025,22,23,Wind,102,Saturday,April,Spring,8931
12/22/2022,10,11,Wind,356,Thursday,December,Winter,12428
1/18/2024,2,3,Wind,18,Thursday,January,Winter,7810
5/31/2024,16,17,Wind,152,Friday,May,Spring,7089
9/9/2021,13,14,Wind,252,Thursday,September,Fall,5141
4/13/2025,12,13,Wind,103,Sunday,April,Spring,4906
3/23/2024,22,23,Wind,83,Saturday,March,Spring,9137
2/26/2025,23,0,Wind,57,Wednesday,February,Winter,8535
8/3/2022,0,1,Wind,215,Wednesday,August,Summer,1047
4/7/2025,22,23,Wind,97,Monday,April,Spring,5598
9/15/2021,12,13,Solar,258,Wednesday,September,Fall,3974
3/26/2023,3,4,Wind,85,Sunday,March,Spring,9201
2/19/2020,5,6,Wind,50,Wednesday,February,Winter,8999
9/14/2020,9,10,Wind,258,Monday,September,Fall,3828
7/23/2022,23,0,Wind,204,Saturday,July,Summer,1099
6/4/2021,8,9,Wind,155,Friday,June,Summer,2095
4/12/2020,2,3,Wind,103,Sunday,April,Spring,748
1/2/2021,3,4,Wind,2,Saturday,January,Winter,1281
5/16/2025,20,21,Wind,136,Friday,May,Spring,7218
1/28/2024,5,6,Wind,28,Sunday,January,Winter,8152
10/2/2021,16,17,Wind,275,Saturday,October,Fall,14843
9/18/2020,10,11,Wind,262,Friday,September,Fall,5286
11/24/2020,21,22,Wind,329,Tuesday,November,Fall,6481
12/21/2022,12,13,Wind,355,Wednesday,December,Winter,10235
7/19/2021,2,3,Wind,200,Monday,July,Summer,5773
6/29/2022,10,11,Solar,180,Wednesday,June,Summer,5357
12/22/2023,12,13,Wind,356,Friday,December,Winter,19987
12/4/2024,12,13,Solar,339,Wednesday,December,Winter,6363
2/21/2021,13,14,Wind,52,Sunday,February,Winter,8829
6/20/2022,2,3,Wind,171,Monday,June,Summer,5728
11/19/2020,23,0,Wind,324,Thursday,November,Fall,3854
11/10/2025,13,14,Wind,314,Monday,November,Fall,12666
12/20/2024,8,9,Wind,355,Friday,December,Winter,5569
5/11/2025,12,13,Solar,131,Sunday,May,Spring,3967
11/18/2024,2,3,Wind,323,Monday,November,Fall,8530
3/3/2025,11,12,Solar,62,Monday,March,Spring,8311
12/28/2021,22,23,Wind,362,Tuesday,December,Winter,12013
10/31/2021,4,5,Wind,304,Sunday,October,Fall,6221
12/5/2020,21,22,Wind,340,Saturday,December,Winter,5385
5/12/2024,8,9,Wind,133,Sunday,May,Spring,4245
4/15/2022,22,23,Wind,105,Friday,April,Spring,5750
12/22/2024,9,10,Wind,357,Sunday,December,Winter,19398
2/5/2021,14,15,Wind,36,Friday,February,Winter,3021
7/12/2022,14,15,Solar,193,Tuesday,July,Summer,6997
6/15/2020,23,0,Wind,167,Monday,June,Summer,2022
10/23/2023,9,10,Wind,296,Monday,October,Fall,8658
2/2/2023,8,9,Wind,33,Thursday,February,Winter,6057
7/28/2024,14,15,Solar,210,Sunday,July,Summer,5654
10/9/2024,13,14,Wind,283,Wednesday,October,Fall,12421
2/15/2023,10,11,Solar,46,Wednesday,February,Winter,6270
11/18/2021,14,15,Solar,322,Thursday,November,Fall,3326
6/28/2022,19,20,Wind,179,Tuesday,June,Summer,3348
1/12/2024,1,2,Wind,12,Friday,January,Winter,6624
6/16/2020,5,6,Wind,168,Tuesday,June,Summer,1461
7/7/2020,7,8,Wind,189,Tuesday,July,Summer,1906
9/12/2022,10,11,Solar,255,Monday,September,Fall,4987
6/6/2023,14,15,Solar,157,Tuesday,June,Summer,8282
12/31/2023,16,17,Wind,365,Sunday,December,Winter,17690
2/22/2025,3,4,Wind,53,Saturday,February,Winter,10776
2/12/2020,23,0,Wind,43,Wednesday,February,Winter,5618
7/27/2025,4,5,Wind,208,Sunday,July,Summer,1887
10/28/2023,8,9,Wind,301,Saturday,October,Fall,12258
5/22/2025,14,15,Solar,142,Thursday,May,Spring,6175
12/23/2024,2,3,Wind,358,Monday,December,Winter,17302
8/17/2025,22,23,Wind,229,Sunday,August,Summer,7604
4/23/2024,3,4,Wind,114,Tuesday,April,Spring,4610
3/26/2021,17,18,Wind,85,Friday,March,Spring,9646
12/4/2021,15,16,Wind,338,Saturday,December,Winter,12295
2/12/2021,15,16,Wind,43,Friday,February,Winter,9320
8/8/2023,21,22,Wind,220,Tuesday,August,Summer,2130
1/20/2021,0,1,Wind,20,Wednesday,January,Winter,11737
8/15/2025,9,10,Solar,227,Friday,August,Summer,6084
3/31/2025,6,7,Wind,90,Monday,March,Spring,5157
11/11/2022,2,3,Wind,315,Friday,November,Fall,2683
7/9/2022,18,19,Wind,190,Saturday,July,Summer,8525
9/5/2023,0,1,Wind,248,Tuesday,September,Fall,7414
11/19/2022,10,11,Solar,323,Saturday,November,Fall,4418
10/23/2023,17,18,Wind,296,Monday,October,Fall,5596
1/13/2023,1,2,Wind,13,Friday,January,Winter,13913
4/21/2020,23,0,Wind,112,Tuesday,April,Spring,4642
12/19/2020,11,12,Wind,354,Saturday,December,Winter,10820
1/6/2021,6,7,Wind,6,Wednesday,January,Winter,1187
6/12/2025,3,4,Wind,163,Thursday,June,Summer,6737
6/1/2020,16,17,Solar,153,Monday,June,Summer,4570
12/29/2020,22,23,Wind,364,Tuesday,December,Winter,3005
3/8/2023,9,10,Wind,67,Wednesday,March,Spring,13908
2/19/2020,2,3,Wind,50,Wednesday,February,Winter,11122
7/30/2023,20,21,Wind,211,Sunday,July,Summer,7195
1/23/2025,6,7,Wind,23,Thursday,January,Winter,5894
5/11/2025,19,20,Wind,131,Sunday,May,Spring,4469
7/15/2020,18,19,Wind,197,Wednesday,July,Summer,3632
4/23/2021,16,17,Wind,113,Friday,April,Spring,8565
7/2/2023,18,19,Wind,183,Sunday,July,Summer,6804
4/13/2022,22,23,Wind,103,Wednesday,April,Spring,1032
12/14/2021,23,0,Wind,348,Tuesday,December,Winter,1053
1/22/2021,18,19,Wind,22,Friday,January,Winter,4478
12/30/2024,14,15,Solar,365,Monday,December,Winter,2676
1/19/2020,7,8,Wind,19,Sunday,January,Winter,5048
1/8/2021,0,1,Wind,8,Friday,January,Winter,1507
8/3/2023,12,13,Wind,215,Thursday,August,Summer,13262
10/25/2025,4,5,Wind,298,Saturday,October,Fall,13923
5/13/2023,7,8,Wind,133,Saturday,May,Spring,4856
7/21/2023,22,23,Wind,202,Friday,July,Summer,3097
10/3/2024,1,2,Wind,277,Thursday,October,Fall,4843
3/30/2023,23,0,Wind,89,Thursday,March,Spring,12402
7/8/2022,12,13,Solar,189,Friday,July,Summer,8283
8/18/2021,1,2,Wind,230,Wednesday,August,Summer,2488
6/29/2023,5,6,Wind,180,Thursday,June,Summer,748
5/28/2021,23,0,Wind,148,Friday,May,Spring,3329
5/11/2024,7,8,Wind,132,Saturday,May,Spring,4906
4/8/2022,19,20,Wind,98,Friday,April,Spring,9607
7/27/2025,21,22,Wind,208,Sunday,July,Summer,4242
10/14/2023,11,12,Solar,287,Saturday,October,Fall,5525
10/12/2020,11,12,Solar,286,Monday,October,Fall,3848
1/18/2025,23,0,Wind,18,Saturday,January,Winter,1679
5/31/2023,12,13,Wind,151,Wednesday,May,Spring,12628
9/21/2021,16,17,Solar,264,Tuesday,September,Fall,4522
11/21/2023,21,22,Wind,325,Tuesday,November,Fall,6769
4/12/2024,12,13,Solar,103,Friday,April,Spring,8049
3/17/2024,9,10,Wind,77,Sunday,March,Spring,6278
4/5/2024,4,5,Wind,96,Friday,April,Spring,10352
11/1/2022,20,21,Wind,305,Tuesday,November,Fall,12061
5/27/2024,21,22,Wind,148,Monday,May,Spring,2538
7/15/2021,4,5,Wind,196,Thursday,July,Summer,7756
3/5/2024,15,16,Wind,65,Tuesday,March,Spring,8619
10/10/2025,13,14,Solar,283,Friday,October,Fall,9343
6/21/2023,11,12,Solar,172,Wednesday,June,Summer,4377
10/29/2023,10,11,Wind,302,Sunday,October,Fall,15308
5/21/2020,17,18,Solar,142,Thursday,May,Spring,2989
6/10/2023,0,1,Wind,161,Saturday,June,Summer,3204
8/20/2025,4,5,Wind,232,Wednesday,August,Summer,3073
4/16/2024,0,1,Wind,107,Tuesday,April,Spring,13826
3/5/2025,17,18,Solar,64,Wednesday,March,Spring,3558
11/15/2025,14,15,Solar,319,Saturday,November,Fall,5714
3/12/2022,21,22,Wind,71,Saturday,March,Spring,9414
6/4/2024,3,4,Wind,156,Tuesday,June,Summer,456
7/28/2020,17,18,Wind,210,Tuesday,July,Summer,6769
11/6/2021,21,22,Wind,310,Saturday,November,Fall,6134
4/25/2025,1,2,Wind,115,Friday,April,Spring,3293
7/25/2021,5,6,Wind,206,Sunday,July,Summer,2988
11/1/2022,12,13,Wind,305,Tuesday,November,Fall,15812
11/10/2024,19,20,Wind,315,Sunday,November,Fall,1932
4/19/2021,5,6,Wind,109,Monday,April,Spring,1278
3/29/2021,11,12,Solar,88,Monday,March,Spring,5469
3/12/2021,4,5,Wind,71,Friday,March,Spring,9635
6/7/2025,23,0,Wind,158,Saturday,June,Summer,12317
9/2/2023,22,23,Wind,245,Saturday,September,Fall,4625
10/27/2023,20,21,Wind,300,Friday,October,Fall,9132
8/10/2021,22,23,Wind,222,Tuesday,August,Summer,590
9/29/2021,8,9,Wind,272,Wednesday,September,Fall,7118
5/31/2022,18,19,Wind,151,Tuesday,May,Spring,5487
6/25/2021,4,5,Wind,176,Friday,June,Summer,1451
5/27/2022,11,12,Solar,147,Friday,May,Spring,6179
3/3/2024,22,23,Wind,63,Sunday,March,Spring,5144
12/7/2022,2,3,Wind,341,Wednesday,December,Winter,2507
8/17/2021,21,22,Wind,229,Tuesday,August,Summer,3684
3/24/2020,16,17,Wind,84,Tuesday,March,Spring,6133
10/12/2025,18,19,Wind,285,Sunday,October,Fall,5244
7/24/2023,17,18,Wind,205,Monday,July,Summer,11156
7/8/2024,11,12,Solar,190,Monday,July,Summer,8159
7/16/2022,14,15,Solar,197,Saturday,July,Summer,8810
4/1/2024,1,2,Wind,92,Monday,April,Spring,4949
1/14/2024,18,19,Wind,14,Sunday,January,Winter,1253
1/8/2020,13,14,Wind,8,Wednesday,January,Winter,4927
11/12/2021,4,5,Wind,316,Friday,November,Fall,1575
11/19/2024,13,14,Wind,324,Tuesday,November,Fall,20597
8/17/2020,2,3,Wind,230,Monday,August,Summer,1750
6/11/2023,19,20,Wind,162,Sunday,June,Summer,4575
8/21/2025,20,21,Wind,233,Thursday,August,Summer,7365
8/26/2021,4,5,Wind,238,Thursday,August,Summer,2542
9/10/2020,19,20,Wind,254,Thursday,September,Fall,1247
7/13/2021,23,0,Wind,194,Tuesday,July,Summer,5065
4/5/2022,19,20,Wind,95,Tuesday,April,Spring,7386
6/13/2020,1,2,Wind,165,Saturday,June,Summer,3366
10/18/2023,17,18,Wind,291,Wednesday,October,Fall,14535
8/22/2020,10,11,Wind,235,Saturday,August,Summer,9129
8/3/2021,2,3,Wind,215,Tuesday,August,Summer,1153
7/23/2023,17,18,Wind,204,Sunday,July,Summer,12004
7/2/2021,8,9,Solar,183,Friday,July,Summer,1628
6/3/2022,15,16,Solar,154,Friday,June,Summer,5923
12/4/2021,8,9,Wind,338,Saturday,December,Winter,8370
10/9/2023,14,15,Solar,282,Monday,October,Fall,6407
9/15/2021,11,12,Solar,258,Wednesday,September,Fall,3648
6/18/2021,7,8,Wind,169,Friday,June,Summer,3517
9/10/2025,1,2,Wind,253,Wednesday,September,Fall,3815
4/11/2020,9,10,Solar,102,Saturday,April,Spring,2530
1/26/2024,1,2,Wind,26,Friday,January,Winter,7990
3/27/2025,4,5,Wind,86,Thursday,March,Spring,3169
9/21/2025,6,7,Wind,264,Sunday,September,Fall,3184
7/13/2024,20,21,Solar,195,Saturday,July,Summer,1101
11/14/2021,3,4,Wind,318,Sunday,November,Fall,2421
7/1/2022,23,0,Wind,182,Friday,July,Summer,863
7/10/2023,3,4,Wind,191,Monday,July,Summer,1054
11/23/2022,20,21,Wind,327,Wednesday,November,Fall,12891
12/12/2024,15,16,Wind,347,Thursday,December,Winter,3478
4/27/2025,19,20,Wind,117,Sunday,April,Spring,2748
1/17/2023,16,17,Wind,17,Tuesday,January,Winter,4665
4/3/2022,1,2,Wind,93,Sunday,April,Spring,5119
10/18/2020,4,5,Wind,292,Sunday,October,Fall,672
10/11/2021,17,18,Wind,284,Monday,October,Fall,4388
11/16/2023,16,17,Wind,320,Thursday,November,Fall,13386
3/9/2025,3,4,Wind,68,Sunday,March,Spring,9672
12/31/2022,12,13,Wind,365,Saturday,December,Winter,17332
8/16/2023,13,14,Solar,228,Wednesday,August,Summer,6675
1/6/2021,19,20,Wind,6,Wednesday,January,Winter,495
2/8/2025,9,10,Wind,39,Saturday,February,Winter,8261
9/26/2022,7,8,Wind,269,Monday,September,Fall,6086
11/10/2025,0,1,Wind,314,Monday,November,Fall,6004
2/1/2020,18,19,Wind,32,Saturday,February,Winter,10703
4/22/2022,18,19,Wind,112,Friday,April,Spring,4256
1/24/2023,21,22,Wind,24,Tuesday,January,Winter,2611
5/5/2025,7,8,Wind,125,Monday,May,Spring,9361
5/8/2020,12,13,Solar,129,Friday,May,Spring,4778
6/16/2021,8,9,Solar,167,Wednesday,June,Summer,2085
2/16/2020,22,23,Wind,47,Sunday,February,Winter,11230
7/4/2023,10,11,Solar,185,Tuesday,July,Summer,5603
10/26/2023,15,16,Wind,299,Thursday,October,Fall,6529
2/28/2024,3,4,Wind,59,Wednesday,February,Winter,3223
11/29/2022,10,11,Solar,333,Tuesday,November,Fall,2249
1/6/2020,20,21,Wind,6,Monday,January,Winter,6469
11/9/2025,4,5,Wind,313,Sunday,November,Fall,2430
5/12/2024,6,7,Wind,133,Sunday,May,Spring,3904
4/30/2021,22,23,Wind,120,Friday,April,Spring,1359
8/27/2023,4,5,Wind,239,Sunday,August,Summer,2263
7/27/2024,9,10,Solar,209,Saturday,July,Summer,3124
9/26/2025,12,13,Solar,269,Friday,September,Fall,5213
4/1/2022,3,4,Wind,91,Friday,April,Spring,9699
5/12/2020,12,13,Wind,133,Tuesday,May,Spring,5747
10/7/2024,16,17,Wind,281,Monday,October,Fall,7311
6/30/2022,13,14,Solar,181,Thursday,June,Summer,4931
9/20/2024,20,21,Wind,264,Friday,September,Fall,3245
8/10/2024,16,17,Solar,223,Saturday,August,Summer,4012
4/30/2023,4,5,Wind,120,Sunday,April,Spring,3814
1/23/2025,5,6,Wind,23,Thursday,January,Winter,6304
12/3/2022,12,13,Wind,337,Saturday,December,Winter,6285
4/24/2025,7,8,Wind,114,Thursday,April,Spring,2699
10/2/2025,18,19,Wind,275,Thursday,October,Fall,2959
8/9/2020,11,12,Solar,222,Sunday,August,Summer,3372
7/10/2020,19,20,Wind,192,Friday,July,Summer,4171
12/26/2023,4,5,Wind,360,Tuesday,December,Winter,7229
4/28/2024,0,1,Wind,119,Sunday,April,Spring,10556
10/12/2024,13,14,Wind,286,Saturday,October,Fall,6790
11/25/2022,16,17,Wind,329,Friday,November,Fall,3351
1/14/2023,15,16,Wind,14,Saturday,January,Winter,17545
11/8/2022,20,21,Wind,312,Tuesday,November,Fall,11901
8/29/2024,19,20,Wind,242,Thursday,August,Summer,2703
3/16/2025,9,10,Wind,75,Sunday,March,Spring,9888
1/19/2020,3,4,Wind,19,Sunday,January,Winter,4619
3/13/2025,0,1,Wind,72,Thursday,March,Spring,2661
4/4/2024,19,20,Wind,95,Thursday,April,Spring,8108
12/5/2023,18,19,Wind,339,Tuesday,December,Winter,6714
1/16/2020,6,7,Wind,16,Thursday,January,Winter,4609
10/15/2025,19,20,Wind,288,Wednesday,October,Fall,5080
6/3/2020,16,17,Solar,155,Wednesday,June,Summer,3604
5/11/2024,8,9,Wind,132,Saturday,May,Spring,5428
9/25/2020,7,8,Wind,269,Friday,September,Fall,10168
10/5/2022,10,11,Wind,278,Wednesday,October,Fall,9771
7/2/2024,4,5,Wind,184,Tuesday,July,Summer,2631
4/21/2023,20,21,Wind,111,Friday,April,Spring,2543
12/5/2024,8,9,Wind,340,Thursday,December,Winter,14145
8/7/2025,18,19,Solar,219,Thursday,August,Summer,5653
4/5/2020,11,12,Wind,96,Sunday,April,Spring,7848
1/26/2024,4,5,Wind,26,Friday,January,Winter,9936
9/3/2023,14,15,Solar,246,Sunday,September,Fall,9204
4/12/2022,22,23,Wind,102,Tuesday,April,Spring,2275
12/29/2020,13,14,Wind,364,Tuesday,December,Winter,5165
9/8/2023,9,10,Solar,251,Friday,September,Fall,3666
4/26/2024,13,14,Solar,117,Friday,April,Spring,6436
4/14/2024,15,16,Solar,105,Sunday,April,Spring,4067
9/7/2020,13,14,Solar,251,Monday,September,Fall,5438
2/18/2022,21,22,Wind,49,Friday,February,Winter,13040
5/21/2020,5,6,Wind,142,Thursday,May,Spring,1502
5/4/2020,14,15,Solar,125,Monday,May,Spring,5337
6/10/2023,9,10,Solar,161,Saturday,June,Summer,4098
4/3/2024,11,12,Wind,94,Wednesday,April,Spring,15839
5/23/2020,7,8,Wind,144,Saturday,May,Spring,3360
9/4/2020,7,8,Wind,248,Friday,September,Fall,1232
10/7/2020,12,13,Wind,281,Wednesday,October,Fall,8717
12/2/2023,5,6,Wind,336,Saturday,December,Winter,3249
6/28/2024,16,17,Solar,180,Friday,June,Summer,6716
8/22/2021,21,22,Wind,234,Sunday,August,Summer,3345
2/17/2023,9,10,Wind,48,Friday,February,Winter,9868
2/16/2022,13,14,Wind,47,Wednesday,February,Winter,16745
12/3/2022,2,3,Wind,337,Saturday,December,Winter,6803
4/8/2021,14,15,Solar,98,Thursday,April,Spring,5202
1/5/2025,15,16,Wind,5,Sunday,January,Winter,19348
10/8/2024,8,9,Wind,282,Tuesday,October,Fall,10350
2/12/2022,6,7,Wind,43,Saturday,February,Winter,4558
7/7/2023,5,6,Wind,188,Friday,July,Summer,4486
7/14/2020,21,22,Wind,196,Tuesday,July,Summer,2101
12/9/2022,20,21,Wind,343,Friday,December,Winter,2064
7/5/2022,0,1,Wind,186,Tuesday,July,Summer,3667
11/20/2021,18,19,Wind,324,Saturday,November,Fall,210
2/9/2023,8,9,Wind,40,Thursday,February,Winter,1322
3/1/2025,23,0,Wind,60,Saturday,March,Spring,10187
7/25/2023,9,10,Wind,206,Tuesday,July,Summer,7186
12/25/2024,10,11,Solar,360,Wednesday,December,Winter,2874
5/8/2024,7,8,Wind,129,Wednesday,May,Spring,5427
10/3/2021,15,16,Wind,276,Sunday,October,Fall,8606
4/18/2024,23,0,Wind,109,Thursday,April,Spring,3786
11/4/2023,7,8,Wind,308,Saturday,November,Fall,15504
5/25/2022,22,23,Wind,145,Wednesday,May,Spring,5875
1/22/2022,20,21,Wind,22,Saturday,January,Winter,2136
8/18/2022,13,14,Solar,230,Thursday,August,Summer,5355
8/14/2025,9,10,Solar,226,Thursday,August,Summer,4159
1/1/2023,9,10,Wind,1,Sunday,January,Winter,11283
1/20/2024,18,19,Wind,20,Saturday,January,Winter,4846
11/17/2021,18,19,Wind,321,Wednesday,November,Fall,1887
9/29/2020,2,3,Wind,273,Tuesday,September,Fall,2642
8/8/2020,23,0,Wind,221,Saturday,August,Summer,2390
1/18/2024,18,19,Wind,18,Thursday,January,Winter,4246
10/18/2024,0,1,Wind,292,Friday,October,Fall,4798
6/27/2025,22,23,Wind,178,Friday,June,Summer,1584
2/11/2025,8,9,Wind,42,Tuesday,February,Winter,3812
8/25/2023,16,17,Wind,237,Friday,August,Summer,9893
12/2/2021,5,6,Wind,336,Thursday,December,Winter,6952
1/25/2022,7,8,Wind,25,Tuesday,January,Winter,328
9/26/2022,14,15,Wind,269,Monday,September,Fall,15890
12/17/2022,16,17,Wind,351,Saturday,December,Winter,2347
2/21/2020,8,9,Wind,52,Friday,February,Winter,4193
9/13/2021,19,20,Wind,256,Monday,September,Fall,1554
7/12/2020,14,15,Solar,194,Sunday,July,Summer,5689
5/29/2023,9,10,Wind,149,Monday,May,Spring,9264
8/30/2024,4,5,Wind,243,Friday,August,Summer,2456
7/28/2021,14,15,Wind,209,Wednesday,July,Summer,10176
3/29/2023,5,6,Wind,88,Wednesday,March,Spring,4271
5/11/2021,19,20,Wind,131,Tuesday,May,Spring,6405
1/9/2025,15,16,Wind,9,Thursday,January,Winter,10749
1/5/2022,2,3,Wind,5,Wednesday,January,Winter,7802
8/26/2024,23,0,Wind,239,Monday,August,Summer,2045
2/19/2023,14,15,Solar,50,Sunday,February,Winter,7077
6/23/2025,18,19,Wind,174,Monday,June,Summer,12740
8/4/2020,19,20,Wind,217,Tuesday,August,Summer,2445
2/11/2023,8,9,Wind,42,Saturday,February,Winter,2391
9/16/2022,6,7,Wind,259,Friday,September,Fall,1953
10/13/2025,3,4,Wind,286,Monday,October,Fall,6119
7/3/2025,0,1,Wind,184,Thursday,July,Summer,5539
12/7/2022,23,0,Wind,341,Wednesday,December,Winter,1410
2/10/2024,3,4,Wind,41,Saturday,February,Winter,4487
7/9/2021,3,4,Wind,190,Friday,July,Summer,1208
2/16/2025,0,1,Wind,47,Sunday,February,Winter,4574
11/24/2024,10,11,Wind,329,Sunday,November,Fall,21544
12/11/2024,19,20,Wind,346,Wednesday,December,Winter,5916
5/20/2025,21,22,Wind,140,Tuesday,May,Spring,5566
1/21/2022,9,10,Wind,21,Friday,January,Winter,5002
1/30/2025,7,8,Wind,30,Thursday,January,Winter,5813
1/29/2021,17,18,Wind,29,Friday,January,Winter,12983
4/19/2024,5,6,Wind,110,Friday,April,Spring,9003
12/1/2020,12,13,Wind,336,Tuesday,December,Winter,8412
2/19/2024,3,4,Wind,50,Monday,February,Winter,4002
9/21/2023,13,14,Wind,264,Thursday,September,Fall,6474
3/17/2025,2,3,Wind,76,Monday,March,Spring,5489
8/2/2024,18,19,Wind,215,Friday,August,Summer,7412
7/15/2020,3,4,Wind,197,Wednesday,July,Summer,1451
10/15/2022,16,17,Wind,288,Saturday,October,Fall,8245
5/11/2025,10,11,Solar,131,Sunday,May,Spring,3050
1/21/2025,13,14,Solar,21,Tuesday,January,Winter,5754
8/2/2023,8,9,Wind,214,Wednesday,August,Summer,15356
10/6/2025,19,20,Wind,279,Monday,October,Fall,2272
3/22/2024,16,17,Solar,82,Friday,March,Spring,7952
4/4/2021,2,3,Wind,94,Sunday,April,Spring,6551
11/8/2022,6,7,Wind,312,Tuesday,November,Fall,13306
9/19/2023,9,10,Wind,262,Tuesday,September,Fall,7887
5/5/2022,16,17,Solar,125,Thursday,May,Spring,6137
3/16/2021,3,4,Wind,75,Tuesday,March,Spring,3759
3/18/2023,21,22,Wind,77,Saturday,March,Spring,4032
1/4/2023,19,20,Wind,4,Wednesday,January,Winter,13392
1/5/2021,19,20,Wind,5,Tuesday,January,Winter,1794
12/7/2020,22,23,Wind,342,Monday,December,Winter,3434
4/24/2024,15,16,Wind,115,Wednesday,April,Spring,11510
4/27/2025,16,17,Solar,117,Sunday,April,Spring,3352
10/16/2021,7,8,Wind,289,Saturday,October,Fall,1545
4/17/2022,9,10,Wind,107,Sunday,April,Spring,6232
11/15/2022,10,11,Wind,319,Tuesday,November,Fall,10920
1/6/2021,1,2,Wind,6,Wednesday,January,Winter,1467
6/9/2020,11,12,Solar,161,Tuesday,June,Summer,4734
3/14/2023,17,18,Wind,73,Tuesday,March,Spring,10320
1/31/2021,17,18,Wind,31,Sunday,January,Winter,5433
1/28/2021,22,23,Wind,28,Thursday,January,Winter,9207
2/14/2023,20,21,Wind,45,Tuesday,February,Winter,4137
8/29/2024,10,11,Solar,242,Thursday,August,Summer,5199
10/3/2022,13,14,Solar,276,Monday,October,Fall,5084
2/23/2022,10,11,Solar,54,Wednesday,February,Winter,3903
8/24/2025,7,8,Wind,236,Sunday,August,Summer,3233
2/6/2021,12,13,Wind,37,Saturday,February,Winter,3255
4/29/2023,15,16,Solar,119,Saturday,April,Spring,4800
4/22/2023,4,5,Wind,112,Saturday,April,Spring,4492
5/24/2020,13,14,Solar,145,Sunday,May,Spring,5849
2/7/2023,16,17,Wind,38,Tuesday,February,Winter,6303
7/6/2022,3,4,Wind,187,Wednesday,July,Summer,3439
11/25/2023,22,23,Wind,329,Saturday,November,Fall,3662
12/9/2022,14,15,Wind,343,Friday,December,Winter,3163
12/15/2020,0,1,Wind,350,Tuesday,December,Winter,5961
3/10/2022,21,22,Wind,69,Thursday,March,Spring,6888
6/15/2024,16,17,Wind,167,Saturday,June,Summer,10230
10/27/2025,10,11,Wind,300,Monday,October,Fall,20785
7/2/2020,23,0,Wind,184,Thursday,July,Summer,3158
9/21/2021,18,19,Wind,264,Tuesday,September,Fall,2741
4/3/2022,20,21,Wind,93,Sunday,April,Spring,1788
1/4/2025,22,23,Wind,4,Saturday,January,Winter,10639
9/6/2021,16,17,Solar,249,Monday,September,Fall,4649
1/12/2022,10,11,Wind,12,Wednesday,January,Winter,3948
3/3/2023,17,18,Wind,62,Friday,March,Spring,5441
11/21/2021,12,13,Wind,325,Sunday,November,Fall,3618
7/28/2022,20,21,Wind,209,Thursday,July,Summer,1737
1/28/2023,21,22,Wind,28,Saturday,January,Winter,2799
12/22/2024,11,12,Wind,357,Sunday,December,Winter,19928
3/12/2024,3,4,Wind,72,Tuesday,March,Spring,4768
11/11/2022,17,18,Wind,315,Friday,November,Fall,2888
11/7/2024,21,22,Wind,312,Thursday,November,Fall,3242
6/27/2024,3,4,Wind,179,Thursday,June,Summer,839
11/23/2020,14,15,Solar,328,Monday,November,Fall,2374
6/19/2025,22,23,Wind,170,Thursday,June,Summer,6052
8/7/2024,2,3,Wind,220,Wednesday,August,Summer,1802
7/5/2020,15,16,Wind,187,Sunday,July,Summer,10632
5/27/2023,11,12,Solar,147,Saturday,May,Spring,8746
4/21/2021,5,6,Wind,111,Wednesday,April,Spring,1068
9/15/2024,20,21,Wind,259,Sunday,September,Fall,3333
7/1/2025,6,7,Wind,182,Tuesday,July,Summer,1421
9/9/2024,9,10,Wind,253,Monday,September,Fall,9339
9/12/2021,10,11,Solar,255,Sunday,September,Fall,3552
1/13/2022,4,5,Wind,13,Thursday,January,Winter,2645
7/23/2025,1,2,Wind,204,Wednesday,July,Summer,1307
8/27/2023,2,3,Wind,239,Sunday,August,Summer,1781
2/19/2024,6,7,Wind,50,Monday,February,Winter,3287
6/16/2022,16,17,Solar,167,Thursday,June,Summer,5124
9/11/2025,3,4,Wind,254,Thursday,September,Fall,10615
6/27/2021,23,0,Wind,178,Sunday,June,Summer,748
6/13/2025,6,7,Wind,164,Friday,June,Summer,2429
12/10/2020,9,10,Wind,345,Thursday,December,Winter,4988
11/29/2022,20,21,Wind,333,Tuesday,November,Fall,1194
11/13/2021,4,5,Wind,317,Saturday,November,Fall,5812
7/22/2025,16,17,Wind,203,Tuesday,July,Summer,13809
2/21/2024,23,0,Wind,52,Wednesday,February,Winter,15375
8/7/2021,21,22,Wind,219,Saturday,August,Summer,9544
11/24/2023,10,11,Wind,328,Friday,November,Fall,9941
6/3/2021,19,20,Wind,154,Thursday,June,Summer,1771
12/2/2020,20,21,Wind,337,Wednesday,December,Winter,2043
4/29/2023,7,8,Wind,119,Saturday,April,Spring,1622
4/16/2021,11,12,Solar,106,Friday,April,Spring,7807
2/13/2020,13,14,Wind,44,Thursday,February,Winter,13233
11/21/2021,13,14,Wind,325,Sunday,November,Fall,3948
12/18/2023,3,4,Wind,352,Monday,December,Winter,2101
6/1/2020,10,11,Solar,153,Monday,June,Summer,4181
7/24/2025,15,16,Solar,205,Thursday,July,Summer,9540
6/24/2023,13,14,Solar,175,Saturday,June,Summer,8820
3/7/2022,12,13,Wind,66,Monday,March,Spring,10894
10/21/2021,1,2,Wind,294,Thursday,October,Fall,13513
2/11/2024,1,2,Wind,42,Sunday,February,Winter,9448
9/7/2023,17,18,Solar,250,Thursday,September,Fall,4368
11/25/2023,13,14,Wind,329,Saturday,November,Fall,10661
10/2/2020,14,15,Wind,276,Friday,October,Fall,6441
1/5/2022,10,11,Wind,5,Wednesday,January,Winter,6918
3/28/2022,19,20,Wind,87,Monday,March,Spring,1643
9/1/2020,8,9,Wind,245,Tuesday,September,Fall,1448
9/19/2025,16,17,Solar,262,Friday,September,Fall,10145
11/3/2023,11,12,Wind,307,Friday,November,Fall,10759
11/25/2020,19,20,Wind,330,Wednesday,November,Fall,3453
10/1/2022,1,2,Wind,274,Saturday,October,Fall,13589
8/2/2021,0,1,Wind,214,Monday,August,Summer,1434
8/8/2020,10,11,Solar,221,Saturday,August,Summer,2968
9/14/2022,3,4,Wind,257,Wednesday,September,Fall,1861
5/31/2021,8,9,Wind,151,Monday,May,Spring,3833
12/27/2023,15,16,Wind,361,Wednesday,December,Winter,12667
8/1/2024,19,20,Wind,214,Thursday,August,Summer,4264
4/4/2023,19,20,Wind,94,Tuesday,April,Spring,4139
5/3/2024,0,1,Wind,124,Friday,May,Spring,9022
9/15/2024,22,23,Wind,259,Sunday,September,Fall,4322
9/13/2021,6,7,Wind,256,Monday,September,Fall,1809
12/7/2021,18,19,Wind,341,Tuesday,December,Winter,13600
11/30/2023,4,5,Wind,334,Thursday,November,Fall,1780
3/10/2022,1,2,Wind,69,Thursday,March,Spring,6777
3/30/2022,11,12,Solar,89,Wednesday,March,Spring,2186
8/9/2022,3,4,Wind,221,Tuesday,August,Summer,6466
5/4/2023,17,18,Wind,124,Thursday,May,Spring,9901
12/13/2023,10,11,Wind,347,Wednesday,December,Winter,6869
9/29/2022,13,14,Solar,272,Thursday,September,Fall,4400
8/28/2024,13,14,Solar,241,Wednesday,August,Summer,10829
9/17/2024,8,9,Wind,261,Tuesday,September,Fall,10111
1/6/2020,11,12,Wind,6,Monday,January,Winter,5665
9/7/2022,16,17,Wind,250,Wednesday,September,Fall,6353
10/21/2022,2,3,Wind,294,Friday,October,Fall,7894
5/26/2021,19,20,Wind,146,Wednesday,May,Spring,4996
6/26/2022,4,5,Wind,177,Sunday,June,Summer,1831
7/13/2025,20,21,Wind,194,Sunday,July,Summer,3952
6/29/2024,7,8,Wind,181,Saturday,June,Summer,4387
11/8/2024,14,15,Solar,313,Friday,November,Fall,4482
7/11/2022,10,11,Solar,192,Monday,July,Summer,7469
1/10/2022,6,7,Wind,10,Monday,January,Winter,1005
3/21/2025,0,1,Wind,80,Friday,March,Spring,7350
2/15/2023,13,14,Solar,46,Wednesday,February,Winter,6445
4/17/2025,1,2,Wind,107,Thursday,April,Spring,2336
2/15/2025,1,2,Wind,46,Saturday,February,Winter,7209
9/28/2020,18,19,Wind,272,Monday,September,Fall,4748
6/30/2021,4,5,Wind,181,Wednesday,June,Summer,2097
7/20/2022,6,7,Wind,201,Wednesday,July,Summer,2316
4/22/2020,2,3,Wind,113,Wednesday,April,Spring,5000
9/23/2021,20,21,Wind,266,Thursday,September,Fall,1171
2/27/2020,0,1,Wind,58,Thursday,February,Winter,5262
3/26/2021,20,21,Wind,85,Friday,March,Spring,8311
1/13/2020,8,9,Wind,13,Monday,January,Winter,3845
9/22/2025,23,0,Wind,265,Monday,September,Fall,8892
1/13/2023,8,9,Wind,13,Friday,January,Winter,14537
7/16/2024,6,7,Wind,198,Tuesday,July,Summer,7743
6/4/2024,18,19,Wind,156,Tuesday,June,Summer,7459
11/2/2020,22,23,Wind,307,Monday,November,Fall,4458
10/7/2022,11,12,Solar,280,Friday,October,Fall,4853
2/24/2022,17,18,Wind,55,Thursday,February,Winter,12191
11/27/2021,6,7,Wind,331,Saturday,November,Fall,7605
8/7/2020,9,10,Solar,220,Friday,August,Summer,2665
7/10/2022,2,3,Wind,191,Sunday,July,Summer,5201
7/13/2021,1,2,Wind,194,Tuesday,July,Summer,3421
5/1/2025,2,3,Wind,121,Thursday,May,Spring,5525
11/30/2025,5,6,Wind,334,Sunday,November,Fall,4365
12/25/2020,6,7,Wind,360,Friday,December,Winter,6272
4/19/2021,11,12,Solar,109,Monday,April,Spring,4484
3/29/2024,22,23,Wind,89,Friday,March,Spring,5301
7/29/2023,8,9,Wind,210,Saturday,July,Summer,5340
6/5/2022,4,5,Wind,156,Sunday,June,Summer,1412
8/11/2021,6,7,Wind,223,Wednesday,August,Summer,508
11/27/2022,12,13,Wind,331,Sunday,November,Fall,8438
6/11/2025,8,9,Solar,162,Wednesday,June,Summer,5524
6/1/2023,11,12,Solar,152,Thursday,June,Summer,8686
10/14/2022,9,10,Wind,287,Friday,October,Fall,5617
5/7/2025,13,14,Solar,127,Wednesday,May,Spring,11508
3/30/2022,14,15,Solar,89,Wednesday,March,Spring,3152
3/13/2025,15,16,Solar,72,Thursday,March,Spring,5712
9/23/2021,15,16,Solar,266,Thursday,September,Fall,5575
2/4/2020,4,5,Wind,35,Tuesday,February,Winter,10605
5/14/2021,19,20,Wind,134,Friday,May,Spring,5623
5/30/2022,2,3,Wind,150,Monday,May,Spring,4110
1/30/2021,6,7,Wind,30,Saturday,January,Winter,5748
6/20/2024,7,8,Wind,172,Thursday,June,Summer,4284
8/7/2025,19,20,Solar,219,Thursday,August,Summer,3099
8/24/2024,3,4,Wind,237,Saturday,August,Summer,6102
9/15/2022,7,8,Wind,258,Thursday,September,Fall,1704
7/6/2020,1,2,Wind,188,Monday,July,Summer,6827
8/28/2022,6,7,Wind,240,Sunday,August,Summer,3890
9/14/2020,12,13,Solar,258,Monday,September,Fall,4786
5/24/2024,22,23,Wind,145,Friday,May,Spring,645
8/8/2025,6,7,Wind,220,Friday,August,Summer,1464
7/10/2020,10,11,Wind,192,Friday,July,Summer,5130
1/17/2020,18,19,Wind,17,Friday,January,Winter,7402
7/17/2024,18,19,Solar,199,Wednesday,July,Summer,4046
1/2/2023,7,8,Wind,2,Monday,January,Winter,6552
2/14/2021,0,1,Wind,45,Sunday,February,Winter,7245
7/26/2025,5,6,Wind,207,Saturday,July,Summer,2295
10/23/2020,10,11,Wind,297,Friday,October,Fall,2714
7/3/2024,1,2,Wind,185,Wednesday,July,Summer,1771
11/12/2024,22,23,Wind,317,Tuesday,November,Fall,8223
11/12/2025,17,18,Wind,316,Wednesday,November,Fall,13595
4/26/2024,19,20,Wind,117,Friday,April,Spring,3091
12/20/2023,11,12,Wind,354,Wednesday,December,Winter,9752
4/4/2024,20,21,Wind,95,Thursday,April,Spring,7001
3/18/2025,20,21,Wind,77,Tuesday,March,Spring,10105
4/14/2020,18,19,Wind,105,Tuesday,April,Spring,6515
3/2/2020,23,0,Wind,62,Monday,March,Spring,8448
1/11/2020,7,8,Wind,11,Saturday,January,Winter,3308
2/10/2022,19,20,Wind,41,Thursday,February,Winter,3020
10/13/2024,4,5,Wind,287,Sunday,October,Fall,3330
1/16/2024,0,1,Wind,16,Tuesday,January,Winter,2197
9/10/2020,17,18,Solar,254,Thursday,September,Fall,2293
8/25/2025,8,9,Wind,237,Monday,August,Summer,3906
3/5/2024,16,17,Wind,65,Tuesday,March,Spring,6764
8/23/2022,7,8,Wind,235,Tuesday,August,Summer,1085
7/17/2021,18,19,Wind,198,Saturday,July,Summer,6467
4/27/2025,11,12,Solar,117,Sunday,April,Spring,3596
2/27/2020,18,19,Wind,58,Thursday,February,Winter,10596
11/6/2024,7,8,Wind,311,Wednesday,November,Fall,292
11/22/2024,14,15,Wind,327,Friday,November,Fall,15122
11/19/2024,21,22,Wind,324,Tuesday,November,Fall,11992
5/26/2021,1,2,Wind,146,Wednesday,May,Spring,5335
11/29/2021,12,13,Wind,333,Monday,November,Fall,4389
4/9/2023,3,4,Wind,99,Sunday,April,Spring,3548
5/20/2024,11,12,Solar,141,Monday,May,Spring,5874
9/6/2021,9,10,Solar,249,Monday,September,Fall,2723
12/16/2020,23,0,Wind,351,Wednesday,December,Winter,7220
6/11/2021,11,12,Solar,162,Friday,June,Summer,4809
3/15/2024,4,5,Wind,75,Friday,March,Spring,9923
2/20/2023,2,3,Wind,51,Monday,February,Winter,3288
5/2/2025,18,19,Wind,122,Friday,May,Spring,4524
4/30/2021,7,8,Wind,120,Friday,April,Spring,1408
8/30/2024,23,0,Wind,243,Friday,August,Summer,5577
9/30/2021,7,8,Wind,273,Thursday,September,Fall,1829
2/13/2024,9,10,Wind,44,Tuesday,February,Winter,7108
1/10/2023,4,5,Wind,10,Tuesday,January,Winter,7471
5/20/2023,6,7,Wind,140,Saturday,May,Spring,6415
9/1/2023,22,23,Wind,244,Friday,September,Fall,1142
6/6/2024,15,16,Solar,158,Thursday,June,Summer,8506
7/13/2025,12,13,Solar,194,Sunday,July,Summer,9654
10/18/2021,16,17,Wind,291,Monday,October,Fall,5039
3/1/2021,5,6,Wind,60,Monday,March,Spring,4453
3/18/2023,13,14,Wind,77,Saturday,March,Spring,11176
10/21/2020,15,16,Wind,295,Wednesday,October,Fall,14758
3/2/2020,13,14,Wind,62,Monday,March,Spring,7175
6/30/2023,1,2,Wind,181,Friday,June,Summer,2631
4/19/2022,9,10,Solar,109,Tuesday,April,Spring,2972
7/25/2020,6,7,Wind,207,Saturday,July,Summer,1509
11/3/2021,2,3,Wind,307,Wednesday,November,Fall,3878
9/20/2024,22,23,Wind,264,Friday,September,Fall,3712
7/6/2020,10,11,Wind,188,Monday,July,Summer,7270
6/18/2023,7,8,Wind,169,Sunday,June,Summer,2716
4/22/2024,11,12,Solar,113,Monday,April,Spring,11915
10/31/2022,2,3,Wind,304,Monday,October,Fall,1886
12/8/2022,19,20,Wind,342,Thursday,December,Winter,2320
2/19/2021,8,9,Wind,50,Friday,February,Winter,6408
7/4/2024,7,8,Wind,186,Thursday,July,Summer,7653
8/12/2022,18,19,Solar,224,Friday,August,Summer,4606
6/22/2020,5,6,Wind,174,Monday,June,Summer,1871
5/14/2022,19,20,Wind,134,Saturday,May,Spring,1781
3/14/2022,23,0,Wind,73,Monday,March,Spring,5813
4/28/2021,9,10,Solar,118,Wednesday,April,Spring,1431
2/22/2020,18,19,Wind,53,Saturday,February,Winter,8683
11/1/2024,9,10,Solar,306,Friday,November,Fall,3028
8/31/2025,20,21,Wind,243,Sunday,August,Summer,3822
8/21/2024,10,11,Solar,234,Wednesday,August,Summer,7369
11/10/2023,6,7,Wind,314,Friday,November,Fall,13482
5/4/2025,7,8,Wind,124,Sunday,May,Spring,5384
9/21/2024,13,14,Solar,265,Saturday,September,Fall,4430
3/19/2020,5,6,Wind,79,Thursday,March,Spring,1145
10/2/2020,8,9,Wind,276,Friday,October,Fall,9401
9/25/2022,17,18,Wind,268,Sunday,September,Fall,4472
8/25/2022,19,20,Wind,237,Thursday,August,Summer,4858
8/10/2023,8,9,Wind,222,Thursday,August,Summer,3790
9/21/2024,3,4,Wind,265,Saturday,September,Fall,3321
1/22/2022,3,4,Wind,22,Saturday,January,Winter,3202
11/9/2023,8,9,Wind,313,Thursday,November,Fall,9159
11/25/2024,0,1,Wind,330,Monday,November,Fall,18407
7/8/2023,3,4,Wind,189,Saturday,July,Summer,4740
9/11/2025,4,5,Wind,254,Thursday,September,Fall,10679
7/15/2023,3,4,Wind,196,Saturday,July,Summer,6810
11/3/2021,20,21,Wind,307,Wednesday,November,Fall,3050
11/23/2025,6,7,Wind,327,Sunday,November,Fall,9347
5/18/2021,14,15,Wind,138,Tuesday,May,Spring,5821
2/4/2024,10,11,Wind,35,Sunday,February,Winter,8994
7/16/2020,0,1,Wind,198,Thursday,July,Summer,1763
7/3/2020,2,3,Wind,185,Friday,July,Summer,3011
3/4/2024,12,13,Solar,64,Monday,March,Spring,9667
10/15/2020,11,12,Wind,289,Thursday,October,Fall,6069
1/25/2023,22,23,Wind,25,Wednesday,January,Winter,1037
2/4/2023,17,18,Wind,35,Saturday,February,Winter,2961
2/3/2023,19,20,Wind,34,Friday,February,Winter,5209
2/24/2025,14,15,Wind,55,Monday,February,Winter,13295
11/11/2025,21,22,Wind,315,Tuesday,November,Fall,14313
5/7/2025,14,15,Wind,127,Wednesday,May,Spring,11125
6/18/2024,15,16,Solar,170,Tuesday,June,Summer,7585
4/13/2021,11,12,Solar,103,Tuesday,April,Spring,6733
1/6/2024,14,15,Wind,6,Saturday,January,Winter,9159
1/19/2020,2,3,Wind,19,Sunday,January,Winter,4247
6/1/2021,2,3,Wind,152,Tuesday,June,Summer,5282
5/28/2023,16,17,Wind,148,Sunday,May,Spring,6446
9/19/2025,13,14,Solar,262,Friday,September,Fall,12989
8/17/2025,6,7,Wind,229,Sunday,August,Summer,5923
8/29/2023,12,13,Solar,241,Tuesday,August,Summer,6385
8/13/2020,23,0,Wind,226,Thursday,August,Summer,2213
8/30/2021,7,8,Wind,242,Monday,August,Summer,3173
7/26/2020,0,1,Wind,208,Sunday,July,Summer,4306
2/25/2023,2,3,Wind,56,Saturday,February,Winter,3671
8/16/2025,9,10,Wind,228,Saturday,August,Summer,8918
7/15/2024,15,16,Wind,197,Monday,July,Summer,10900
3/6/2020,1,2,Wind,66,Friday,March,Spring,11303
9/2/2023,7,8,Wind,245,Saturday,September,Fall,2084
1/21/2022,13,14,Solar,21,Friday,January,Winter,6900
5/6/2023,4,5,Wind,126,Saturday,May,Spring,1719
9/21/2023,15,16,Wind,264,Thursday,September,Fall,8784
7/17/2025,13,14,Solar,198,Thursday,July,Summer,9602
10/5/2023,13,14,Solar,278,Thursday,October,Fall,6634
6/13/2023,3,4,Wind,164,Tuesday,June,Summer,3141
1/8/2023,1,2,Wind,8,Sunday,January,Winter,12173
12/10/2020,4,5,Wind,345,Thursday,December,Winter,5097
3/21/2023,13,14,Wind,80,Tuesday,March,Spring,8403
4/25/2022,14,15,Solar,115,Monday,April,Spring,7151
9/14/2025,1,2,Wind,257,Sunday,September,Fall,4414
9/29/2024,1,2,Wind,273,Sunday,September,Fall,1277
2/6/2025,18,19,Wind,37,Thursday,February,Winter,11486
12/20/2022,11,12,Wind,354,Tuesday,December,Winter,11990
11/26/2024,8,9,Wind,331,Tuesday,November,Fall,6210
3/13/2023,16,17,Wind,72,Monday,March,Spring,16408
9/3/2025,10,11,Wind,246,Wednesday,September,Fall,18721
11/9/2024,3,4,Wind,314,Saturday,November,Fall,1300
2/23/2020,19,20,Wind,54,Sunday,February,Winter,9881
8/3/2020,20,21,Wind,216,Monday,August,Summer,4530
11/3/2021,6,7,Wind,307,Wednesday,November,Fall,3960
12/10/2022,14,15,Solar,344,Saturday,December,Winter,3935
11/22/2024,11,12,Wind,327,Friday,November,Fall,15569
6/15/2020,0,1,Wind,167,Monday,June,Summer,2040
2/22/2021,3,4,Wind,53,Monday,February,Winter,6815
1/28/2025,13,14,Wind,28,Tuesday,January,Winter,20885
6/5/2022,14,15,Wind,156,Sunday,June,Summer,8904
7/30/2022,20,21,Wind,211,Saturday,July,Summer,2584
7/29/2021,21,22,Wind,210,Thursday,July,Summer,965
9/7/2023,18,19,Solar,250,Thursday,September,Fall,2452
11/11/2023,1,2,Wind,315,Saturday,November,Fall,6863
3/21/2020,5,6,Wind,81,Saturday,March,Spring,7494
10/19/2020,4,5,Wind,293,Monday,October,Fall,1525
3/15/2024,9,10,Wind,75,Friday,March,Spring,14005
2/25/2022,5,6,Wind,56,Friday,February,Winter,7242
5/11/2025,21,22,Wind,131,Sunday,May,Spring,3052
4/4/2023,13,14,Solar,94,Tuesday,April,Spring,11558
2/27/2022,21,22,Wind,58,Sunday,February,Winter,6470
6/23/2025,2,3,Wind,174,Monday,June,Summer,5291
10/8/2020,4,5,Wind,282,Thursday,October,Fall,6790
7/3/2023,17,18,Wind,184,Monday,July,Summer,11708
2/6/2023,20,21,Wind,37,Monday,February,Winter,7870
3/30/2023,13,14,Wind,89,Thursday,March,Spring,18316
5/16/2020,20,21,Wind,137,Saturday,May,Spring,3193
10/3/2023,14,15,Wind,276,Tuesday,October,Fall,9033
11/20/2020,19,20,Wind,325,Friday,November,Fall,2773
8/15/2020,5,6,Wind,228,Saturday,August,Summer,384
6/21/2024,8,9,Wind,173,Friday,June,Summer,2878
12/2/2021,2,3,Wind,336,Thursday,December,Winter,5934
12/19/2020,13,14,Wind,354,Saturday,December,Winter,9422
4/10/2021,9,10,Wind,100,Saturday,April,Spring,5393
12/25/2022,18,19,Wind,359,Sunday,December,Winter,9466
7/19/2023,4,5,Wind,200,Wednesday,July,Summer,2823
5/14/2024,17,18,Wind,135,Tuesday,May,Spring,6999
5/23/2020,13,14,Wind,144,Saturday,May,Spring,7862
10/3/2021,23,0,Wind,276,Sunday,October,Fall,5964
1/29/2024,13,14,Wind,29,Monday,January,Winter,8687
10/15/2021,19,20,Wind,288,Friday,October,Fall,1124
6/12/2021,7,8,Wind,163,Saturday,June,Summer,1829
9/22/2020,1,2,Wind,266,Tuesday,September,Fall,894
10/19/2021,10,11,Wind,292,Tuesday,October,Fall,8475
11/7/2022,17,18,Wind,311,Monday,November,Fall,8246
8/21/2023,1,2,Wind,233,Monday,August,Summer,2603
4/8/2022,23,0,Wind,98,Friday,April,Spring,6694
11/10/2020,12,13,Solar,315,Tuesday,November,Fall,2552
8/30/2025,8,9,Wind,242,Saturday,August,Summer,5384
9/26/2020,10,11,Wind,270,Saturday,September,Fall,11643
9/3/2024,23,0,Wind,247,Tuesday,September,Fall,1253
3/10/2025,6,7,Wind,69,Monday,March,Spring,2663
2/16/2023,3,4,Wind,47,Thursday,February,Winter,3980
3/11/2020,15,16,Wind,71,Wednesday,March,Spring,11361
12/27/2023,8,9,Wind,361,Wednesday,December,Winter,9035
10/15/2021,15,16,Solar,288,Friday,October,Fall,4028
10/14/2021,1,2,Wind,287,Thursday,October,Fall,1908
3/11/2022,19,20,Wind,70,Friday,March,Spring,10317
3/8/2021,5,6,Wind,67,Monday,March,Spring,3070
10/23/2025,19,20,Wind,296,Thursday,October,Fall,17992
8/22/2021,6,7,Wind,234,Sunday,August,Summer,3212
6/19/2022,12,13,Solar,170,Sunday,June,Summer,9444
1/2/2022,4,5,Wind,2,Sunday,January,Winter,6918
12/17/2020,3,4,Wind,352,Thursday,December,Winter,5845
3/8/2020,0,1,Wind,68,Sunday,March,Spring,7440
5/22/2020,23,0,Wind,143,Friday,May,Spring,1663
8/1/2023,10,11,Wind,213,Tuesday,August,Summer,11387
11/12/2024,20,21,Wind,317,Tuesday,November,Fall,9661
6/26/2022,14,15,Solar,177,Sunday,June,Summer,4430
5/13/2025,20,21,Wind,133,Tuesday,May,Spring,1684
10/12/2021,17,18,Wind,285,Tuesday,October,Fall,5195
3/26/2021,8,9,Wind,85,Friday,March,Spring,5079
6/20/2024,18,19,Wind,172,Thursday,June,Summer,3344
3/3/2020,21,22,Wind,63,Tuesday,March,Spring,3260
11/18/2022,13,14,Wind,322,Friday,November,Fall,7173
3/14/2021,8,9,Wind,73,Sunday,March,Spring,10637
11/17/2025,22,23,Wind,321,Monday,November,Fall,4027
6/25/2021,0,1,Wind,176,Friday,June,Summer,2162
5/16/2021,14,15,Wind,136,Sunday,May,Spring,10947
9/22/2025,8,9,Wind,265,Monday,September,Fall,9995
2/17/2022,13,14,Wind,48,Thursday,February,Winter,16410
1/8/2025,11,12,Wind,8,Wednesday,January,Winter,9828
3/8/2021,3,4,Wind,67,Monday,March,Spring,2869
4/8/2025,15,16,Solar,98,Tuesday,April,Spring,8550
9/25/2022,9,10,Wind,268,Sunday,September,Fall,3647
6/17/2022,11,12,Solar,168,Friday,June,Summer,6029
2/24/2024,12,13,Wind,55,Saturday,February,Winter,15371
11/7/2021,21,22,Wind,311,Sunday,November,Fall,3223
8/23/2025,21,22,Wind,235,Saturday,August,Summer,2569
3/1/2022,21,22,Wind,60,Tuesday,March,Spring,2721
4/3/2021,13,14,Wind,93,Saturday,April,Spring,14891
2/13/2021,17,18,Wind,44,Saturday,February,Winter,6349
12/26/2023,6,7,Wind,360,Tuesday,December,Winter,9160
3/13/2022,9,10,Wind,72,Sunday,March,Spring,9151
6/22/2024,1,2,Wind,174,Saturday,June,Summer,5101
1/15/2025,13,14,Solar,15,Wednesday,January,Winter,6285
8/14/2022,16,17,Wind,226,Sunday,August,Summer,7767
9/13/2021,21,22,Wind,256,Monday,September,Fall,2957
6/4/2020,14,15,Wind,156,Thursday,June,Summer,5751
10/6/2022,19,20,Wind,279,Thursday,October,Fall,459
12/19/2022,4,5,Wind,353,Monday,December,Winter,12566
3/4/2022,9,10,Wind,63,Friday,March,Spring,4002
5/23/2023,9,10,Wind,143,Tuesday,May,Spring,8084
10/12/2025,2,3,Wind,285,Sunday,October,Fall,5142
4/2/2022,5,6,Wind,92,Saturday,April,Spring,9702
3/7/2022,16,17,Wind,66,Monday,March,Spring,9049
11/23/2022,6,7,Wind,327,Wednesday,November,Fall,8193
1/24/2022,11,12,Solar,24,Monday,January,Winter,4385
1/31/2021,2,3,Wind,31,Sunday,January,Winter,4875
10/22/2025,13,14,Solar,295,Wednesday,October,Fall,7336
9/26/2024,6,7,Wind,270,Thursday,September,Fall,12407
8/17/2025,17,18,Solar,229,Sunday,August,Summer,9585
5/10/2023,3,4,Wind,130,Wednesday,May,Spring,7707
3/21/2021,15,16,Wind,80,Sunday,March,Spring,8663
1/2/2020,21,22,Wind,2,Thursday,January,Winter,6813
7/5/2023,13,14,Wind,186,Wednesday,July,Summer,12672
7/10/2022,21,22,Wind,191,Sunday,July,Summer,4249
11/19/2022,19,20,Wind,323,Saturday,November,Fall,3365
2/23/2024,0,1,Wind,54,Friday,February,Winter,15206
6/3/2021,22,23,Wind,154,Thursday,June,Summer,1289
4/17/2021,11,12,Wind,107,Saturday,April,Spring,8185
5/15/2024,18,19,Solar,136,Wednesday,May,Spring,4141
10/9/2022,1,2,Wind,282,Sunday,October,Fall,4252
12/28/2022,17,18,Wind,362,Wednesday,December,Winter,15714
5/17/2021,8,9,Wind,137,Monday,May,Spring,11934
3/10/2021,17,18,Wind,69,Wednesday,March,Spring,10787
3/29/2020,20,21,Wind,89,Sunday,March,Spring,12637
12/9/2022,11,12,Wind,343,Friday,December,Winter,3573
7/17/2022,17,18,Solar,198,Sunday,July,Summer,6303
2/23/2022,18,19,Wind,54,Wednesday,February,Winter,1715
5/1/2020,11,12,Wind,122,Friday,May,Spring,8478
2/20/2020,12,13,Wind,51,Thursday,February,Winter,12752
9/12/2023,3,4,Wind,255,Tuesday,September,Fall,1028
5/30/2022,8,9,Solar,150,Monday,May,Spring,2738
3/12/2020,22,23,Wind,72,Thursday,March,Spring,8034
12/16/2024,18,19,Wind,351,Monday,December,Winter,3165
2/8/2022,19,20,Wind,39,Tuesday,February,Winter,2613
2/10/2023,19,20,Wind,41,Friday,February,Winter,1779
12/10/2024,0,1,Wind,345,Tuesday,December,Winter,11211
3/25/2020,10,11,Solar,85,Wednesday,March,Spring,5257
1/23/2023,5,6,Wind,23,Monday,January,Winter,4215
3/31/2022,3,4,Wind,90,Thursday,March,Spring,3308
8/7/2020,23,0,Wind,220,Friday,August,Summer,2007
2/10/2025,18,19,Wind,41,Monday,February,Winter,6846
7/21/2021,15,16,Solar,202,Wednesday,July,Summer,6031
9/4/2021,10,11,Solar,247,Saturday,September,Fall,2823
6/23/2025,1,2,Wind,174,Monday,June,Summer,4846
2/23/2025,15,16,Wind,54,Sunday,February,Winter,13530
9/27/2024,20,21,Wind,271,Friday,September,Fall,10616
3/17/2025,0,1,Wind,76,Monday,March,Spring,5188
6/24/2025,1,2,Wind,175,Tuesday,June,Summer,2704
12/1/2024,19,20,Wind,336,Sunday,December,Winter,7486
7/26/2021,21,22,Wind,207,Monday,July,Summer,1779
1/15/2023,12,13,Wind,15,Sunday,January,Winter,19266
11/2/2020,3,4,Wind,307,Monday,November,Fall,9919
2/25/2022,20,21,Wind,56,Friday,February,Winter,2846
1/17/2025,13,14,Solar,17,Friday,January,Winter,5413
9/8/2020,23,0,Wind,252,Tuesday,September,Fall,895
4/12/2021,18,19,Wind,102,Monday,April,Spring,3967
7/27/2021,0,1,Wind,208,Tuesday,July,Summer,1566
12/17/2020,0,1,Wind,352,Thursday,December,Winter,7100
4/9/2023,0,1,Wind,99,Sunday,April,Spring,4433
5/1/2022,16,17,Solar,121,Sunday,May,Spring,5604
10/23/2023,15,16,Wind,296,Monday,October,Fall,7230
4/6/2024,16,17,Wind,97,Saturday,April,Spring,6760
3/25/2021,23,0,Wind,84,Thursday,March,Spring,2424
12/29/2020,11,12,Wind,364,Tuesday,December,Winter,4941
4/9/2020,3,4,Wind,100,Thursday,April,Spring,746
6/6/2022,8,9,Wind,157,Monday,June,Summer,3575
5/8/2020,21,22,Wind,129,Friday,May,Spring,2057
2/6/2023,10,11,Wind,37,Monday,February,Winter,7478
3/25/2024,1,2,Wind,85,Monday,March,Spring,1448
6/11/2023,1,2,Wind,162,Sunday,June,Summer,1826
1/14/2025,11,12,Solar,14,Tuesday,January,Winter,6088
2/15/2022,18,19,Wind,46,Tuesday,February,Winter,13036
2/6/2025,23,0,Wind,37,Thursday,February,Winter,12066
12/22/2023,19,20,Wind,356,Friday,December,Winter,15656
7/7/2020,8,9,Solar,189,Tuesday,July,Summer,2361
7/20/2021,1,2,Wind,201,Tuesday,July,Summer,4074
12/2/2021,21,22,Wind,336,Thursday,December,Winter,4111
10/19/2021,11,12,Wind,292,Tuesday,October,Fall,8741
2/2/2022,20,21,Wind,33,Wednesday,February,Winter,2853
8/14/2025,3,4,Wind,226,Thursday,August,Summer,2267
5/23/2023,8,9,Wind,143,Tuesday,May,Spring,6766
4/24/2023,18,19,Wind,114,Monday,April,Spring,6416
8/30/2021,21,22,Wind,242,Monday,August,Summer,5261
11/10/2020,11,12,Solar,315,Tuesday,November,Fall,2271
10/17/2023,10,11,Wind,290,Tuesday,October,Fall,6810
8/3/2024,12,13,Solar,216,Saturday,August,Summer,8860
9/16/2021,6,7,Wind,259,Thursday,September,Fall,631
5/23/2021,8,9,Wind,143,Sunday,May,Spring,5138
2/15/2020,7,8,Wind,46,Saturday,February,Winter,6365
3/16/2020,13,14,Wind,76,Monday,March,Spring,3587
4/9/2024,6,7,Wind,100,Tuesday,April,Spring,13710
5/18/2021,12,13,Solar,138,Tuesday,May,Spring,5550
8/4/2025,13,14,Solar,216,Monday,August,Summer,13010
1/5/2022,18,19,Wind,5,Wednesday,January,Winter,3791
12/1/2023,23,0,Wind,335,Friday,December,Winter,4345
7/28/2021,6,7,Wind,209,Wednesday,July,Summer,3178
2/24/2023,14,15,Wind,55,Friday,February,Winter,5858
7/26/2022,19,20,Wind,207,Tuesday,July,Summer,4218
3/18/2020,18,19,Wind,78,Wednesday,March,Spring,380
5/18/2025,7,8,Wind,138,Sunday,May,Spring,3318
9/30/2023,8,9,Wind,273,Saturday,September,Fall,1568
2/20/2020,8,9,Wind,51,Thursday,February,Winter,7848
5/16/2022,20,21,Wind,136,Monday,May,Spring,691
5/27/2021,3,4,Wind,147,Thursday,May,Spring,1412
2/12/2025,10,11,Solar,43,Wednesday,February,Winter,3450
9/13/2023,8,9,Wind,256,Wednesday,September,Fall,1595
6/24/2025,21,22,Wind,175,Tuesday,June,Summer,1094
8/21/2025,15,16,Wind,233,Thursday,August,Summer,11238
9/29/2022,20,21,Wind,272,Thursday,September,Fall,1057
5/1/2024,21,22,Wind,122,Wednesday,May,Spring,5445
12/9/2022,22,23,Wind,343,Friday,December,Winter,1529
11/25/2025,0,1,Wind,329,Tuesday,November,Fall,9734
10/23/2025,16,17,Wind,296,Thursday,October,Fall,15398
3/21/2024,5,6,Wind,81,Thursday,March,Spring,2243
5/3/2022,15,16,Solar,123,Tuesday,May,Spring,5540
1/14/2023,2,3,Wind,14,Saturday,January,Winter,8733
10/3/2022,18,19,Wind,276,Monday,October,Fall,1731
10/6/2021,4,5,Wind,279,Wednesday,October,Fall,8240
1/17/2025,22,23,Wind,17,Friday,January,Winter,1503
7/11/2024,22,23,Wind,193,Thursday,July,Summer,3990
2/19/2024,16,17,Wind,50,Monday,February,Winter,9227
3/8/2025,13,14,Wind,67,Saturday,March,Spring,14741
10/5/2022,15,16,Wind,278,Wednesday,October,Fall,14688
11/24/2024,6,7,Wind,329,Sunday,November,Fall,18598
5/6/2024,1,2,Wind,127,Monday,May,Spring,2849
4/10/2020,22,23,Wind,101,Friday,April,Spring,3686
7/22/2025,8,9,Wind,203,Tuesday,July,Summer,9162
10/23/2024,0,1,Wind,297,Wednesday,October,Fall,1780
11/6/2024,3,4,Wind,311,Wednesday,November,Fall,148
10/30/2022,14,15,Solar,303,Sunday,October,Fall,5627
2/16/2024,11,12,Wind,47,Friday,February,Winter,9141
10/29/2022,12,13,Wind,302,Saturday,October,Fall,9218
6/29/2024,17,18,Wind,181,Saturday,June,Summer,5896
10/28/2020,15,16,Wind,302,Wednesday,October,Fall,11856
11/23/2020,13,14,Solar,328,Monday,November,Fall,2770
8/7/2020,17,18,Solar,220,Friday,August,Summer,2939
4/28/2021,15,16,Wind,118,Wednesday,April,Spring,4461
10/8/2025,17,18,Solar,281,Wednesday,October,Fall,4242
9/16/2024,18,19,Wind,260,Monday,September,Fall,8604
9/1/2025,10,11,Wind,244,Monday,September,Fall,8188
4/5/2025,20,21,Wind,95,Saturday,April,Spring,6463
3/7/2022,17,18,Wind,66,Monday,March,Spring,7396
2/25/2023,18,19,Wind,56,Saturday,February,Winter,8199
1/31/2020,8,9,Wind,31,Friday,January,Winter,5824
8/9/2022,22,23,Wind,221,Tuesday,August,Summer,7621
4/26/2025,16,17,Wind,116,Saturday,April,Spring,4158
12/29/2023,22,23,Wind,363,Friday,December,Winter,10568
7/30/2025,15,16,Solar,211,Wednesday,July,Summer,9183
3/17/2023,17,18,Wind,76,Friday,March,Spring,8029
2/11/2025,1,2,Wind,42,Tuesday,February,Winter,5637
2/8/2021,8,9,Wind,39,Monday,February,Winter,1234
3/3/2024,3,4,Wind,63,Sunday,March,Spring,2805
2/2/2024,2,3,Wind,33,Friday,February,Winter,3042
8/30/2020,5,6,Wind,243,Sunday,August,Summer,3412
8/29/2024,12,13,Solar,242,Thursday,August,Summer,6094
11/8/2020,5,6,Wind,313,Sunday,November,Fall,4481
2/25/2024,10,11,Wind,56,Sunday,February,Winter,11356
11/30/2023,20,21,Wind,334,Thursday,November,Fall,1743
11/3/2022,14,15,Wind,307,Thursday,November,Fall,10359
1/29/2023,16,17,Wind,29,Sunday,January,Winter,2807
3/24/2025,17,18,Wind,83,Monday,March,Spring,3751
3/10/2024,11,12,Solar,70,Sunday,March,Spring,4489
7/22/2022,19,20,Wind,203,Friday,July,Summer,2905
2/9/2024,19,20,Wind,40,Friday,February,Winter,9829
12/19/2024,11,12,Wind,354,Thursday,December,Winter,17655
1/7/2024,5,6,Wind,7,Sunday,January,Winter,7382
12/3/2020,20,21,Wind,338,Thursday,December,Winter,12392
8/7/2025,3,4,Wind,219,Thursday,August,Summer,930
11/15/2025,3,4,Wind,319,Saturday,November,Fall,4692
11/2/2022,9,10,Wind,306,Wednesday,November,Fall,5751
5/12/2024,18,19,Wind,133,Sunday,May,Spring,7203
3/1/2021,20,21,Wind,60,Monday,March,Spring,4546
6/25/2025,14,15,Solar,176,Wednesday,June,Summer,9154
6/12/2022,19,20,Wind,163,Sunday,June,Summer,4471
8/9/2024,15,16,Solar,222,Friday,August,Summer,7538
7/17/2022,22,23,Wind,198,Sunday,July,Summer,3664
10/7/2023,4,5,Wind,280,Saturday,October,Fall,1842
10/26/2025,19,20,Wind,299,Sunday,October,Fall,11977
8/1/2024,13,14,Solar,214,Thursday,August,Summer,7736
11/14/2022,12,13,Wind,318,Monday,November,Fall,4986
9/6/2025,9,10,Wind,249,Saturday,September,Fall,9528
3/1/2023,0,1,Wind,60,Wednesday,March,Spring,7633
12/13/2024,21,22,Wind,348,Friday,December,Winter,718
9/26/2025,6,7,Wind,269,Friday,September,Fall,990
6/23/2025,4,5,Wind,174,Monday,June,Summer,5544
2/27/2023,16,17,Wind,58,Monday,February,Winter,16405
1/8/2022,14,15,Wind,8,Saturday,January,Winter,15893
1/23/2025,9,10,Wind,23,Thursday,January,Winter,7687
3/17/2022,15,16,Wind,76,Thursday,March,Spring,5379
12/25/2021,11,12,Solar,359,Saturday,December,Winter,2139
7/29/2025,15,16,Solar,210,Tuesday,July,Summer,11049
5/17/2022,7,8,Wind,137,Tuesday,May,Spring,3135
2/29/2024,5,6,Wind,60,Thursday,February,Winter,7464
12/13/2021,15,16,Solar,347,Monday,December,Winter,1959
1/7/2025,22,23,Wind,7,Tuesday,January,Winter,6904
6/15/2020,19,20,Wind,167,Monday,June,Summer,3068
2/1/2022,9,10,Wind,32,Tuesday,February,Winter,9308
7/24/2025,18,19,Wind,205,Thursday,July,Summer,7239
3/22/2022,12,13,Solar,81,Tuesday,March,Spring,8895
1/22/2024,5,6,Wind,22,Monday,January,Winter,16728
8/26/2024,22,23,Wind,239,Monday,August,Summer,1669
6/20/2024,12,13,Solar,172,Thursday,June,Summer,5316
5/27/2024,15,16,Wind,148,Monday,May,Spring,8313
3/27/2025,7,8,Wind,86,Thursday,March,Spring,4075
9/30/2024,14,15,Wind,274,Monday,September,Fall,17990
11/14/2022,21,22,Wind,318,Monday,November,Fall,6382
7/2/2023,8,9,Wind,183,Sunday,July,Summer,2882
8/7/2023,17,18,Solar,219,Monday,August,Summer,8202
4/3/2023,12,13,Wind,93,Monday,April,Spring,11111
7/8/2025,15,16,Solar,189,Tuesday,July,Summer,12184
9/16/2025,7,8,Wind,259,Tuesday,September,Fall,9343
4/13/2022,6,7,Wind,103,Wednesday,April,Spring,1107
6/26/2022,0,1,Wind,177,Sunday,June,Summer,2699
10/26/2024,5,6,Wind,300,Saturday,October,Fall,2085
5/15/2024,3,4,Wind,136,Wednesday,May,Spring,2598
8/4/2020,5,6,Wind,217,Tuesday,August,Summer,2214
9/16/2021,22,23,Wind,259,Thursday,September,Fall,842
10/29/2024,1,2,Wind,303,Tuesday,October,Fall,1733
2/20/2025,17,18,Wind,51,Thursday,February,Winter,8149
12/18/2023,8,9,Wind,352,Monday,December,Winter,2271
4/21/2025,21,22,Wind,111,Monday,April,Spring,2788
9/21/2022,16,17,Solar,264,Wednesday,September,Fall,6437
3/11/2025,16,17,Wind,70,Tuesday,March,Spring,6371
6/23/2023,11,12,Solar,174,Friday,June,Summer,7189
4/6/2023,9,10,Wind,96,Thursday,April,Spring,4765
6/7/2025,4,5,Wind,158,Saturday,June,Summer,6797
9/20/2025,19,20,Wind,263,Saturday,September,Fall,10122
11/30/2022,1,2,Wind,334,Wednesday,November,Fall,1058
10/30/2025,6,7,Wind,303,Thursday,October,Fall,4783
1/21/2025,8,9,Wind,21,Tuesday,January,Winter,2522
6/2/2024,15,16,Wind,154,Sunday,June,Summer,5303
3/23/2025,6,7,Wind,82,Sunday,March,Spring,4373
6/10/2024,4,5,Wind,162,Monday,June,Summer,3938
6/12/2025,14,15,Solar,163,Thursday,June,Summer,5717
1/2/2025,5,6,Wind,2,Thursday,January,Winter,8804
5/13/2021,15,16,Solar,133,Thursday,May,Spring,5509
6/17/2022,18,19,Solar,168,Friday,June,Summer,3404
10/13/2025,23,0,Wind,286,Monday,October,Fall,6944
9/16/2020,8,9,Wind,260,Wednesday,September,Fall,1013
12/18/2022,7,8,Wind,352,Sunday,December,Winter,6542
8/3/2024,5,6,Wind,216,Saturday,August,Summer,3203
9/26/2020,15,16,Wind,270,Saturday,September,Fall,11741
3/29/2020,6,7,Wind,89,Sunday,March,Spring,11027
7/1/2020,8,9,Wind,183,Wednesday,July,Summer,3679
6/19/2023,7,8,Wind,170,Monday,June,Summer,1807
11/2/2021,23,0,Wind,306,Tuesday,November,Fall,2889
3/1/2022,3,4,Wind,60,Tuesday,March,Spring,2612
3/17/2021,23,0,Wind,76,Wednesday,March,Spring,5240
4/26/2022,14,15,Solar,116,Tuesday,April,Spring,7982
11/15/2021,23,0,Wind,319,Monday,November,Fall,1107
8/18/2023,19,20,Wind,230,Friday,August,Summer,3018
8/15/2025,0,1,Wind,227,Friday,August,Summer,4269
7/9/2020,19,20,Wind,191,Thursday,July,Summer,4573
7/25/2022,21,22,Wind,206,Monday,July,Summer,7106
2/6/2023,12,13,Solar,37,Monday,February,Winter,9036
2/4/2025,3,4,Wind,35,Tuesday,February,Winter,1737
1/10/2020,5,6,Wind,10,Friday,January,Winter,7774
4/25/2023,7,8,Wind,115,Tuesday,April,Spring,2753
4/8/2024,23,0,Wind,99,Monday,April,Spring,9139
8/11/2020,16,17,Solar,224,Tuesday,August,Summer,3542
6/2/2025,8,9,Wind,153,Monday,June,Summer,2742
7/29/2022,21,22,Wind,210,Friday,July,Summer,2125
4/4/2024,13,14,Wind,95,Thursday,April,Spring,20481
3/1/2021,22,23,Wind,60,Monday,March,Spring,4978
2/20/2025,21,22,Wind,51,Thursday,February,Winter,9773
4/16/2020,19,20,Wind,107,Thursday,April,Spring,1414
3/28/2025,17,18,Wind,87,Friday,March,Spring,9362
5/21/2021,1,2,Wind,141,Friday,May,Spring,9817
7/13/2020,7,8,Wind,195,Monday,July,Summer,2341
8/31/2024,3,4,Wind,244,Saturday,August,Summer,4579
12/9/2024,9,10,Wind,344,Monday,December,Winter,15224
9/2/2023,13,14,Solar,245,Saturday,September,Fall,6760
4/14/2024,21,22,Wind,105,Sunday,April,Spring,2636
1/9/2020,0,1,Wind,9,Thursday,January,Winter,6309
10/19/2020,8,9,Wind,293,Monday,October,Fall,3178
6/29/2023,19,20,Wind,180,Thursday,June,Summer,4840
3/8/2022,19,20,Wind,67,Tuesday,March,Spring,4726
8/16/2025,4,5,Wind,228,Saturday,August,Summer,7037
1/6/2022,14,15,Solar,6,Thursday,January,Winter,5505
12/8/2021,22,23,Wind,342,Wednesday,December,Winter,5949
5/29/2023,5,6,Wind,149,Monday,May,Spring,8702
4/29/2022,19,20,Wind,119,Friday,April,Spring,4185
1/21/2024,13,14,Wind,21,Sunday,January,Winter,15113
10/28/2021,2,3,Wind,301,Thursday,October,Fall,4894
4/21/2025,19,20,Wind,111,Monday,April,Spring,4219
6/27/2020,6,7,Wind,179,Saturday,June,Summer,3501
3/18/2025,3,4,Wind,77,Tuesday,March,Spring,12324
6/15/2025,1,2,Wind,166,Sunday,June,Summer,2950
1/28/2023,16,17,Wind,28,Saturday,January,Winter,4875
10/21/2024,0,1,Wind,295,Monday,October,Fall,7969
2/7/2023,10,11,Wind,38,Tuesday,February,Winter,8915
2/12/2021,18,19,Wind,43,Friday,February,Winter,8474
11/6/2025,17,18,Wind,310,Thursday,November,Fall,2204
7/12/2025,17,18,Solar,193,Saturday,July,Summer,7623
10/6/2021,13,14,Wind,279,Wednesday,October,Fall,12605
11/10/2025,14,15,Wind,314,Monday,November,Fall,12527
1/10/2023,2,3,Wind,10,Tuesday,January,Winter,8206
5/8/2022,0,1,Wind,128,Sunday,May,Spring,4571
11/25/2024,20,21,Wind,330,Monday,November,Fall,6940
10/26/2020,21,22,Wind,300,Monday,October,Fall,7511
8/16/2022,0,1,Wind,228,Tuesday,August,Summer,994
4/25/2025,17,18,Solar,115,Friday,April,Spring,7637
10/6/2021,5,6,Wind,279,Wednesday,October,Fall,8206
11/1/2023,2,3,Wind,305,Wednesday,November,Fall,12791
3/27/2025,8,9,Wind,86,Thursday,March,Spring,5016
10/5/2024,2,3,Wind,279,Saturday,October,Fall,2709
2/26/2021,11,12,Wind,57,Friday,February,Winter,4537
10/8/2025,7,8,Wind,281,Wednesday,October,Fall,703
5/19/2022,9,10,Wind,139,Thursday,May,Spring,5194
9/17/2021,6,7,Wind,260,Friday,September,Fall,638
12/16/2021,20,21,Wind,350,Thursday,December,Winter,5347
6/24/2023,19,20,Solar,175,Saturday,June,Summer,3126
2/9/2023,11,12,Solar,40,Thursday,February,Winter,5239
5/13/2024,5,6,Wind,134,Monday,May,Spring,1791
10/4/2025,10,11,Wind,277,Saturday,October,Fall,19412
7/17/2025,8,9,Solar,198,Thursday,July,Summer,3408
7/6/2022,5,6,Wind,187,Wednesday,July,Summer,2998
2/11/2020,4,5,Wind,42,Tuesday,February,Winter,11863
8/20/2024,2,3,Wind,233,Tuesday,August,Summer,3228
8/29/2022,2,3,Wind,241,Monday,August,Summer,5234
8/21/2021,8,9,Wind,233,Saturday,August,Summer,2289
3/22/2022,4,5,Wind,81,Tuesday,March,Spring,4874
2/25/2024,5,6,Wind,56,Sunday,February,Winter,7291
1/17/2025,12,13,Solar,17,Friday,January,Winter,5260
12/8/2022,17,18,Wind,342,Thursday,December,Winter,2074
3/27/2024,1,2,Wind,87,Wednesday,March,Spring,5339
10/29/2022,20,21,Wind,302,Saturday,October,Fall,5791
9/25/2023,5,6,Wind,268,Monday,September,Fall,3360
5/29/2025,3,4,Wind,149,Thursday,May,Spring,2576
10/14/2021,3,4,Wind,287,Thursday,October,Fall,1743
10/11/2023,15,16,Solar,284,Wednesday,October,Fall,9015
5/20/2023,11,12,Wind,140,Saturday,May,Spring,10266
5/27/2022,10,11,Solar,147,Friday,May,Spring,5628
11/26/2020,1,2,Wind,331,Thursday,November,Fall,2773
6/29/2021,7,8,Wind,180,Tuesday,June,Summer,1489
9/30/2023,0,1,Wind,273,Saturday,September,Fall,1029
7/7/2023,13,14,Solar,188,Friday,July,Summer,10199
8/18/2021,5,6,Wind,230,Wednesday,August,Summer,2082
5/30/2020,13,14,Solar,151,Saturday,May,Spring,7142
12/3/2023,13,14,Wind,337,Sunday,December,Winter,12003
1/5/2024,9,10,Wind,5,Friday,January,Winter,7892
6/5/2024,18,19,Solar,157,Wednesday,June,Summer,6522
9/4/2020,3,4,Wind,248,Friday,September,Fall,1556
7/20/2023,19,20,Wind,201,Thursday,July,Summer,3428
5/15/2020,0,1,Wind,136,Friday,May,Spring,8261
11/23/2021,13,14,Wind,327,Tuesday,November,Fall,9773
12/22/2021,23,0,Wind,356,Wednesday,December,Winter,5802
11/13/2023,11,12,Wind,317,Monday,November,Fall,18876
11/25/2023,20,21,Wind,329,Saturday,November,Fall,4410
6/29/2023,7,8,Solar,180,Thursday,June,Summer,1265
6/1/2025,7,8,Wind,152,Sunday,June,Summer,2320
5/5/2023,2,3,Wind,125,Friday,May,Spring,2941
3/25/2021,14,15,Solar,84,Thursday,March,Spring,4960
7/7/2021,11,12,Solar,188,Wednesday,July,Summer,4779
1/6/2022,5,6,Wind,6,Thursday,January,Winter,2049
7/16/2024,1,2,Wind,198,Tuesday,July,Summer,8767
1/24/2024,2,3,Wind,24,Wednesday,January,Winter,17178
6/26/2020,0,1,Wind,178,Friday,June,Summer,3797
6/24/2020,12,13,Solar,176,Wednesday,June,Summer,6632
11/30/2023,16,17,Wind,334,Thursday,November,Fall,1216
2/6/2020,20,21,Wind,37,Thursday,February,Winter,6009
9/5/2022,0,1,Wind,248,Monday,September,Fall,5892
8/6/2025,17,18,Solar,218,Wednesday,August,Summer,6728
10/27/2023,4,5,Wind,300,Friday,October,Fall,9172
7/24/2023,11,12,Wind,205,Monday,July,Summer,10535
10/14/2021,22,23,Wind,287,Thursday,October,Fall,1373
1/12/2023,18,19,Wind,12,Thursday,January,Winter,16129
5/31/2021,0,1,Wind,151,Monday,May,Spring,5070
11/4/2021,19,20,Wind,308,Thursday,November,Fall,4199
6/20/2024,11,12,Solar,172,Thursday,June,Summer,4899
4/26/2023,18,19,Solar,116,Wednesday,April,Spring,2020
6/29/2025,23,0,Wind,180,Sunday,June,Summer,4676
1/23/2020,7,8,Wind,23,Thursday,January,Winter,5287
1/30/2022,2,3,Wind,30,Sunday,January,Winter,4507
8/3/2022,16,17,Solar,215,Wednesday,August,Summer,5552
9/13/2024,22,23,Wind,257,Friday,September,Fall,4252
4/25/2023,19,20,Wind,115,Tuesday,April,Spring,2273
9/25/2022,8,9,Wind,268,Sunday,September,Fall,3110
2/2/2025,20,21,Wind,33,Sunday,February,Winter,1338
2/16/2024,1,2,Wind,47,Friday,February,Winter,10687
8/28/2025,7,8,Wind,240,Thursday,August,Summer,3117
10/26/2023,18,19,Wind,299,Thursday,October,Fall,4654
5/18/2021,17,18,Wind,138,Tuesday,May,Spring,4730
7/18/2020,8,9,Solar,200,Saturday,July,Summer,1804
6/22/2024,12,13,Solar,174,Saturday,June,Summer,7746
3/17/2025,4,5,Wind,76,Monday,March,Spring,5414
6/25/2021,16,17,Solar,176,Friday,June,Summer,5149
7/26/2022,14,15,Solar,207,Tuesday,July,Summer,7335
6/10/2025,18,19,Solar,161,Tuesday,June,Summer,7100
2/16/2025,8,9,Wind,47,Sunday,February,Winter,4873
4/7/2022,13,14,Wind,97,Thursday,April,Spring,17696
2/3/2020,21,22,Wind,34,Monday,February,Winter,10771
10/17/2024,8,9,Wind,291,Thursday,October,Fall,3165
9/3/2024,13,14,Solar,247,Tuesday,September,Fall,5281
7/10/2024,6,7,Wind,192,Wednesday,July,Summer,3100
11/26/2023,13,14,Solar,330,Sunday,November,Fall,6070
8/13/2024,6,7,Wind,226,Tuesday,August,Summer,1141
6/7/2024,3,4,Wind,159,Friday,June,Summer,2329
4/29/2025,0,1,Wind,119,Tuesday,April,Spring,6877
5/23/2024,3,4,Wind,144,Thursday,May,Spring,3036
4/21/2021,14,15,Solar,111,Wednesday,April,Spring,5592
1/14/2020,15,16,Wind,14,Tuesday,January,Winter,13814
1/24/2025,21,22,Wind,24,Friday,January,Winter,11590
1/8/2020,16,17,Wind,8,Wednesday,January,Winter,3069
4/7/2023,20,21,Wind,97,Friday,April,Spring,2704
5/23/2020,6,7,Wind,144,Saturday,May,Spring,2524
2/11/2020,6,7,Wind,42,Tuesday,February,Winter,11631
10/6/2020,10,11,Wind,280,Tuesday,October,Fall,11206
2/24/2022,16,17,Wind,55,Thursday,February,Winter,14179
7/6/2023,7,8,Solar,187,Thursday,July,Summer,1340
6/6/2025,8,9,Wind,157,Friday,June,Summer,7508
4/6/2021,23,0,Wind,96,Tuesday,April,Spring,3992
9/14/2025,21,22,Wind,257,Sunday,September,Fall,14751
7/20/2023,22,23,Wind,201,Thursday,July,Summer,2071
10/24/2021,4,5,Wind,297,Sunday,October,Fall,4056
4/3/2025,3,4,Wind,93,Thursday,April,Spring,10072
3/12/2025,11,12,Solar,71,Wednesday,March,Spring,4529
11/27/2020,16,17,Wind,332,Friday,November,Fall,1662
4/15/2022,4,5,Wind,105,Friday,April,Spring,1294
4/25/2023,2,3,Wind,115,Tuesday,April,Spring,2620
4/30/2024,3,4,Wind,121,Tuesday,April,Spring,3529
2/21/2025,22,23,Wind,52,Friday,February,Winter,12234
3/10/2022,3,4,Wind,69,Thursday,March,Spring,5858
10/10/2023,16,17,Solar,283,Tuesday,October,Fall,5527
5/17/2025,1,2,Wind,137,Saturday,May,Spring,7119
9/29/2023,10,11,Wind,272,Friday,September,Fall,11544
3/12/2024,23,0,Wind,72,Tuesday,March,Spring,8268
4/24/2022,6,7,Wind,114,Sunday,April,Spring,2801
2/7/2025,20,21,Wind,38,Friday,February,Winter,9209
3/11/2022,1,2,Wind,70,Friday,March,Spring,8811
11/13/2021,0,1,Wind,317,Saturday,November,Fall,6028
11/21/2025,15,16,Wind,325,Friday,November,Fall,7003
3/26/2024,1,2,Wind,86,Tuesday,March,Spring,7721
3/21/2025,8,9,Wind,80,Friday,March,Spring,12665
8/15/2024,14,15,Solar,228,Thursday,August,Summer,9758
5/28/2025,17,18,Wind,148,Wednesday,May,Spring,17702
12/23/2023,21,22,Wind,357,Saturday,December,Winter,14387
9/17/2022,11,12,Wind,260,Saturday,September,Fall,10410
8/4/2024,10,11,Solar,217,Sunday,August,Summer,6165
2/1/2024,7,8,Wind,32,Thursday,February,Winter,5460
1/3/2023,6,7,Wind,3,Tuesday,January,Winter,4994
7/15/2022,17,18,Solar,196,Friday,July,Summer,6073
2/1/2020,2,3,Wind,32,Saturday,February,Winter,8897
8/26/2022,5,6,Wind,238,Friday,August,Summer,3140
11/25/2024,12,13,Wind,330,Monday,November,Fall,12182
3/30/2023,21,22,Wind,89,Thursday,March,Spring,9358
9/8/2025,15,16,Solar,251,Monday,September,Fall,6288
12/4/2020,10,11,Wind,339,Friday,December,Winter,7773
12/24/2024,22,23,Wind,359,Tuesday,December,Winter,2401
3/5/2023,7,8,Wind,64,Sunday,March,Spring,1899
8/11/2020,1,2,Wind,224,Tuesday,August,Summer,1697
8/26/2022,10,11,Solar,238,Friday,August,Summer,5642
7/6/2022,20,21,Wind,187,Wednesday,July,Summer,3478
8/22/2024,21,22,Wind,235,Thursday,August,Summer,5770
12/6/2022,3,4,Wind,340,Tuesday,December,Winter,1862
9/1/2020,6,7,Wind,245,Tuesday,September,Fall,1006
9/19/2023,12,13,Wind,262,Tuesday,September,Fall,15144
9/9/2021,15,16,Wind,252,Thursday,September,Fall,5383
11/2/2022,13,14,Wind,306,Wednesday,November,Fall,10158
3/5/2025,18,19,Wind,64,Wednesday,March,Spring,2008
7/22/2023,22,23,Wind,203,Saturday,July,Summer,4175
1/5/2020,14,15,Solar,5,Sunday,January,Winter,2952
6/26/2025,7,8,Wind,177,Thursday,June,Summer,7668
12/18/2023,4,5,Wind,352,Monday,December,Winter,1948
8/6/2025,23,0,Wind,218,Wednesday,August,Summer,1318
6/26/2021,12,13,Solar,177,Saturday,June,Summer,4649
2/2/2022,6,7,Wind,33,Wednesday,February,Winter,7485
9/18/2024,7,8,Wind,262,Wednesday,September,Fall,8921
2/25/2025,1,2,Wind,56,Tuesday,February,Winter,3638
3/14/2022,21,22,Wind,73,Monday,March,Spring,6052
10/29/2022,11,12,Wind,302,Saturday,October,Fall,9396
7/19/2024,17,18,Solar,201,Friday,July,Summer,6264
8/21/2022,16,17,Solar,233,Sunday,August,Summer,4951
4/10/2023,20,21,Wind,100,Monday,April,Spring,10159
11/28/2023,11,12,Wind,332,Tuesday,November,Fall,6161
11/4/2021,7,8,Wind,308,Thursday,November,Fall,3133
3/9/2020,23,0,Wind,69,Monday,March,Spring,9741
7/10/2020,17,18,Wind,192,Friday,July,Summer,4992
1/16/2025,10,11,Wind,16,Thursday,January,Winter,7073
5/19/2025,1,2,Wind,139,Monday,May,Spring,6109
7/7/2022,11,12,Solar,188,Thursday,July,Summer,8621
12/10/2020,13,14,Wind,345,Thursday,December,Winter,4035
10/12/2023,11,12,Solar,285,Thursday,October,Fall,7762
11/29/2024,15,16,Wind,334,Friday,November,Fall,5912
10/5/2021,1,2,Wind,278,Tuesday,October,Fall,7372
4/15/2025,16,17,Wind,105,Tuesday,April,Spring,8585
5/1/2021,23,0,Wind,121,Saturday,May,Spring,3890
11/16/2025,4,5,Wind,320,Sunday,November,Fall,1691
3/9/2023,12,13,Wind,68,Thursday,March,Spring,17554
8/27/2024,19,20,Wind,240,Tuesday,August,Summer,2062
11/3/2021,9,10,Wind,307,Wednesday,November,Fall,3955
3/5/2022,23,0,Wind,64,Saturday,March,Spring,3949
2/28/2020,22,23,Wind,59,Friday,February,Winter,11274
11/23/2023,10,11,Wind,327,Thursday,November,Fall,6141
10/27/2020,14,15,Wind,301,Tuesday,October,Fall,12379
11/24/2024,5,6,Wind,329,Sunday,November,Fall,18615
8/6/2021,5,6,Wind,218,Friday,August,Summer,6003
5/19/2020,23,0,Wind,140,Tuesday,May,Spring,4187
4/4/2025,6,7,Wind,94,Friday,April,Spring,6856
6/17/2025,0,1,Wind,168,Tuesday,June,Summer,3635
2/21/2025,10,11,Wind,52,Friday,February,Winter,15847
1/21/2022,23,0,Wind,21,Friday,January,Winter,3197
2/5/2024,15,16,Wind,36,Monday,February,Winter,9118
9/15/2021,17,18,Wind,258,Wednesday,September,Fall,3067
9/21/2025,8,9,Wind,264,Sunday,September,Fall,2363
9/6/2024,9,10,Wind,250,Friday,September,Fall,4227
1/18/2024,0,1,Wind,18,Thursday,January,Winter,6778
4/17/2020,19,20,Wind,108,Friday,April,Spring,2302
4/11/2023,5,6,Wind,101,Tuesday,April,Spring,8115
8/21/2023,20,21,Wind,233,Monday,August,Summer,1191
7/14/2023,13,14,Solar,195,Friday,July,Summer,13917
11/3/2025,5,6,Wind,307,Monday,November,Fall,7218
10/17/2021,21,22,Wind,290,Sunday,October,Fall,2556
11/30/2024,12,13,Solar,335,Saturday,November,Fall,4832
11/25/2023,21,22,Wind,329,Saturday,November,Fall,4113
1/31/2021,13,14,Wind,31,Sunday,January,Winter,4830
1/28/2023,4,5,Wind,28,Saturday,January,Winter,5832
5/26/2024,9,10,Wind,147,Sunday,May,Spring,6474
10/26/2024,20,21,Wind,300,Saturday,October,Fall,1387
3/23/2025,17,18,Wind,82,Sunday,March,Spring,3278
4/30/2022,7,8,Wind,120,Saturday,April,Spring,4322
4/20/2022,6,7,Wind,110,Wednesday,April,Spring,4805
6/2/2021,6,7,Wind,153,Wednesday,June,Summer,3681
1/24/2024,23,0,Wind,24,Wednesday,January,Winter,5801
1/1/2023,15,16,Wind,1,Sunday,January,Winter,8841
4/3/2023,10,11,Wind,93,Monday,April,Spring,9447
6/16/2024,23,0,Wind,168,Sunday,June,Summer,2819
8/3/2025,5,6,Wind,215,Sunday,August,Summer,1935
7/30/2023,11,12,Wind,211,Sunday,July,Summer,8461
11/18/2024,16,17,Wind,323,Monday,November,Fall,7512
12/24/2024,4,5,Wind,359,Tuesday,December,Winter,3896
11/18/2023,5,6,Wind,322,Saturday,November,Fall,6173
4/18/2023,10,11,Wind,108,Tuesday,April,Spring,9947
2/18/2020,10,11,Wind,49,Tuesday,February,Winter,8878
4/4/2025,9,10,Wind,94,Friday,April,Spring,8435
9/14/2022,1,2,Wind,257,Wednesday,September,Fall,2222
1/29/2020,6,7,Wind,29,Wednesday,January,Winter,7788
1/28/2024,2,3,Wind,28,Sunday,January,Winter,7220
4/10/2023,22,23,Wind,100,Monday,April,Spring,9987
11/26/2025,17,18,Wind,330,Wednesday,November,Fall,2667
11/14/2021,17,18,Wind,318,Sunday,November,Fall,3983
8/29/2020,23,0,Wind,242,Saturday,August,Summer,3146
10/20/2021,23,0,Wind,293,Wednesday,October,Fall,14105
12/18/2022,14,15,Wind,352,Sunday,December,Winter,9866
6/12/2023,23,0,Wind,163,Monday,June,Summer,2822
8/26/2020,2,3,Wind,239,Wednesday,August,Summer,9996
3/26/2024,16,17,Wind,86,Tuesday,March,Spring,5861
3/21/2021,13,14,Wind,80,Sunday,March,Spring,9194
7/17/2021,7,8,Wind,198,Saturday,July,Summer,2997
10/17/2021,13,14,Solar,290,Sunday,October,Fall,5154
3/26/2022,4,5,Wind,85,Saturday,March,Spring,7484
6/29/2022,16,17,Solar,180,Wednesday,June,Summer,5599
1/1/2020,19,20,Wind,1,Wednesday,January,Winter,1181
7/20/2024,5,6,Wind,202,Saturday,July,Summer,1022
2/14/2020,4,5,Wind,45,Friday,February,Winter,5436
9/10/2025,17,18,Wind,253,Wednesday,September,Fall,10232
4/25/2025,18,19,Solar,115,Friday,April,Spring,5940
10/20/2021,19,20,Wind,293,Wednesday,October,Fall,12501
4/16/2021,12,13,Wind,106,Friday,April,Spring,9475
2/21/2022,16,17,Wind,52,Monday,February,Winter,16981
9/3/2025,20,21,Wind,246,Wednesday,September,Fall,13651
6/7/2020,17,18,Solar,159,Sunday,June,Summer,3557
4/27/2023,11,12,Solar,117,Thursday,April,Spring,6242
4/10/2021,20,21,Wind,100,Saturday,April,Spring,4730
12/4/2021,10,11,Wind,338,Saturday,December,Winter,10684
2/24/2020,19,20,Wind,55,Monday,February,Winter,10886
9/9/2021,11,12,Wind,252,Thursday,September,Fall,3730
8/22/2020,1,2,Wind,235,Saturday,August,Summer,4830
7/22/2023,0,1,Wind,203,Saturday,July,Summer,2780
11/23/2022,3,4,Wind,327,Wednesday,November,Fall,6841
1/10/2024,10,11,Wind,10,Wednesday,January,Winter,2553
6/9/2025,2,3,Wind,160,Monday,June,Summer,1980
8/6/2022,22,23,Wind,218,Saturday,August,Summer,7359
5/24/2024,2,3,Wind,145,Friday,May,Spring,858
6/7/2025,5,6,Wind,158,Saturday,June,Summer,7229
6/4/2025,9,10,Wind,155,Wednesday,June,Summer,4864
7/7/2021,2,3,Wind,188,Wednesday,July,Summer,4008
1/21/2020,19,20,Wind,21,Tuesday,January,Winter,3804
11/18/2024,20,21,Wind,323,Monday,November,Fall,9698
7/15/2023,21,22,Wind,196,Saturday,July,Summer,9590
6/11/2020,16,17,Wind,163,Thursday,June,Summer,5128
8/31/2022,13,14,Solar,243,Wednesday,August,Summer,7007
1/23/2020,1,2,Wind,23,Thursday,January,Winter,6776
4/23/2023,20,21,Wind,113,Sunday,April,Spring,10214
9/14/2024,13,14,Solar,258,Saturday,September,Fall,10425
6/14/2025,8,9,Wind,165,Saturday,June,Summer,5426
5/10/2025,13,14,Solar,130,Saturday,May,Spring,6944
11/24/2025,18,19,Wind,328,Monday,November,Fall,11448
6/1/2023,14,15,Solar,152,Thursday,June,Summer,9662
7/16/2023,12,13,Wind,197,Sunday,July,Summer,8159
4/21/2022,7,8,Wind,111,Thursday,April,Spring,3553
10/13/2021,20,21,Wind,286,Wednesday,October,Fall,2169
9/12/2023,17,18,Solar,255,Tuesday,September,Fall,3541
3/3/2025,9,10,Solar,62,Monday,March,Spring,5647
11/18/2021,5,6,Wind,322,Thursday,November,Fall,1363
10/2/2025,9,10,Solar,275,Thursday,October,Fall,5424
8/15/2023,11,12,Solar,227,Tuesday,August,Summer,5290
8/21/2020,0,1,Wind,234,Friday,August,Summer,4957
1/18/2025,13,14,Solar,18,Saturday,January,Winter,4165
12/18/2020,6,7,Wind,353,Friday,December,Winter,6024
9/8/2020,7,8,Wind,252,Tuesday,September,Fall,1224
9/19/2022,18,19,Wind,262,Monday,September,Fall,4643
1/7/2021,16,17,Wind,7,Thursday,January,Winter,1245
10/15/2022,0,1,Wind,288,Saturday,October,Fall,6877
10/22/2020,23,0,Wind,296,Thursday,October,Fall,3174
5/10/2022,5,6,Wind,130,Tuesday,May,Spring,2336
11/19/2025,15,16,Wind,323,Wednesday,November,Fall,14209
4/22/2025,21,22,Wind,112,Tuesday,April,Spring,3114
9/19/2024,9,10,Wind,263,Thursday,September,Fall,10053
6/14/2022,17,18,Solar,165,Tuesday,June,Summer,4589
1/14/2021,3,4,Wind,14,Thursday,January,Winter,7406
4/14/2021,9,10,Solar,104,Wednesday,April,Spring,4051
12/17/2020,9,10,Wind,352,Thursday,December,Winter,5050
4/17/2024,18,19,Wind,108,Wednesday,April,Spring,10061
11/24/2023,14,15,Wind,328,Friday,November,Fall,14087
1/27/2024,9,10,Wind,27,Saturday,January,Winter,4715
11/28/2025,17,18,Wind,332,Friday,November,Fall,6838
11/29/2021,22,23,Wind,333,Monday,November,Fall,4680
2/15/2025,13,14,Solar,46,Saturday,February,Winter,9563
8/3/2024,3,4,Wind,216,Saturday,August,Summer,3586
2/26/2024,23,0,Wind,57,Monday,February,Winter,14028
10/15/2025,4,5,Wind,288,Wednesday,October,Fall,5192
1/25/2020,20,21,Wind,25,Saturday,January,Winter,1912
10/27/2020,19,20,Wind,301,Tuesday,October,Fall,11275
9/24/2020,15,16,Wind,268,Thursday,September,Fall,9187
5/11/2025,18,19,Wind,131,Sunday,May,Spring,6079
1/4/2020,19,20,Wind,4,Saturday,January,Winter,2969
9/5/2024,10,11,Wind,249,Thursday,September,Fall,7511
6/12/2024,19,20,Wind,164,Wednesday,June,Summer,3484
11/18/2025,13,14,Solar,322,Tuesday,November,Fall,8521
9/30/2021,13,14,Solar,273,Thursday,September,Fall,8373
1/18/2024,13,14,Wind,18,Thursday,January,Winter,7406
4/10/2025,2,3,Wind,100,Thursday,April,Spring,9152
1/21/2023,19,20,Wind,21,Saturday,January,Winter,8905
10/14/2020,19,20,Wind,288,Wednesday,October,Fall,5394
3/2/2021,17,18,Wind,61,Tuesday,March,Spring,2119
9/1/2023,8,9,Wind,244,Friday,September,Fall,6404
2/28/2021,8,9,Wind,59,Sunday,February,Winter,7100
6/5/2022,8,9,Wind,156,Sunday,June,Summer,2905
9/27/2020,9,10,Wind,271,Sunday,September,Fall,12950
11/29/2020,21,22,Wind,334,Sunday,November,Fall,2581
1/13/2023,17,18,Wind,13,Friday,January,Winter,12114
12/12/2020,3,4,Wind,347,Saturday,December,Winter,5264
6/10/2022,8,9,Solar,161,Friday,June,Summer,3451
9/5/2025,5,6,Wind,248,Friday,September,Fall,3073
5/28/2021,17,18,Solar,148,Friday,May,Spring,3776
8/13/2023,17,18,Solar,225,Sunday,August,Summer,6313
11/13/2024,21,22,Wind,318,Wednesday,November,Fall,5053
5/27/2021,21,22,Wind,147,Thursday,May,Spring,1552
3/14/2020,16,17,Wind,74,Saturday,March,Spring,5134
11/10/2021,1,2,Wind,314,Wednesday,November,Fall,576
3/13/2020,15,16,Wind,73,Friday,March,Spring,6501
7/9/2024,21,22,Wind,191,Tuesday,July,Summer,2789
8/1/2023,16,17,Wind,213,Tuesday,August,Summer,15715
1/28/2023,20,21,Wind,28,Saturday,January,Winter,3066
11/14/2025,5,6,Wind,318,Friday,November,Fall,12444
6/11/2020,20,21,Wind,163,Thursday,June,Summer,3414
7/14/2021,11,12,Wind,195,Wednesday,July,Summer,8011
4/2/2023,23,0,Wind,92,Sunday,April,Spring,6236
9/4/2024,14,15,Solar,248,Wednesday,September,Fall,4253
10/5/2020,19,20,Wind,279,Monday,October,Fall,9449
8/25/2024,23,0,Wind,238,Sunday,August,Summer,2594
10/10/2021,11,12,Solar,283,Sunday,October,Fall,4221
6/27/2024,22,23,Wind,179,Thursday,June,Summer,3505
11/4/2020,1,2,Wind,309,Wednesday,November,Fall,1716
7/20/2021,11,12,Solar,201,Tuesday,July,Summer,6377
8/2/2021,3,4,Wind,214,Monday,August,Summer,1116
9/23/2021,9,10,Solar,266,Thursday,September,Fall,2760
1/27/2024,8,9,Wind,27,Saturday,January,Winter,3581
12/30/2022,19,20,Wind,364,Friday,December,Winter,15334
11/18/2024,14,15,Wind,323,Monday,November,Fall,9122
12/4/2023,0,1,Wind,338,Monday,December,Winter,12629
1/2/2020,0,1,Wind,2,Thursday,January,Winter,1267
9/8/2021,4,5,Wind,251,Wednesday,September,Fall,5258
6/11/2025,22,23,Wind,162,Wednesday,June,Summer,6852
8/26/2025,4,5,Wind,238,Tuesday,August,Summer,4080
5/11/2024,9,10,Solar,132,Saturday,May,Spring,6348
5/18/2023,6,7,Wind,138,Thursday,May,Spring,5477
8/21/2025,0,1,Wind,233,Thursday,August,Summer,3450
10/15/2024,22,23,Wind,289,Tuesday,October,Fall,10680
5/15/2024,16,17,Solar,136,Wednesday,May,Spring,5901
5/12/2022,15,16,Solar,132,Thursday,May,Spring,6042
4/3/2020,7,8,Wind,94,Friday,April,Spring,1864
10/11/2021,16,17,Solar,284,Monday,October,Fall,5672
2/26/2023,9,10,Wind,57,Sunday,February,Winter,17091
3/17/2023,8,9,Wind,76,Friday,March,Spring,8681
10/23/2023,12,13,Wind,296,Monday,October,Fall,9170
4/29/2020,7,8,Wind,120,Wednesday,April,Spring,4629
10/12/2021,23,0,Wind,285,Tuesday,October,Fall,3559
12/14/2022,20,21,Wind,348,Wednesday,December,Winter,2282
11/30/2020,13,14,Solar,335,Monday,November,Fall,3638
2/15/2025,10,11,Solar,46,Saturday,February,Winter,8954
9/13/2020,22,23,Wind,257,Sunday,September,Fall,2238
5/20/2023,8,9,Wind,140,Saturday,May,Spring,6405
1/8/2022,8,9,Wind,8,Saturday,January,Winter,7370
2/13/2024,22,23,Wind,44,Tuesday,February,Winter,10458
8/28/2021,2,3,Wind,240,Saturday,August,Summer,4282
11/1/2022,16,17,Wind,305,Tuesday,November,Fall,11364
10/10/2021,7,8,Wind,283,Sunday,October,Fall,1388
11/25/2020,3,4,Wind,330,Wednesday,November,Fall,6472
6/24/2022,12,13,Wind,175,Friday,June,Summer,7951
9/21/2023,18,19,Wind,264,Thursday,September,Fall,6345
3/14/2021,22,23,Wind,73,Sunday,March,Spring,10044
9/13/2022,17,18,Wind,256,Tuesday,September,Fall,4288
9/13/2022,4,5,Wind,256,Tuesday,September,Fall,1837
10/13/2025,14,15,Solar,286,Monday,October,Fall,12354
1/11/2025,2,3,Wind,11,Saturday,January,Winter,1684
9/29/2020,4,5,Wind,273,Tuesday,September,Fall,1974
9/13/2022,13,14,Solar,256,Tuesday,September,Fall,6012
5/1/2022,12,13,Solar,121,Sunday,May,Spring,6628
4/18/2022,5,6,Wind,108,Monday,April,Spring,3161
12/23/2022,18,19,Wind,357,Friday,December,Winter,13842
6/26/2023,13,14,Solar,177,Monday,June,Summer,10406
8/25/2024,3,4,Wind,238,Sunday,August,Summer,5857
6/19/2022,13,14,Solar,170,Sunday,June,Summer,10248
7/7/2021,21,22,Wind,188,Wednesday,July,Summer,1885
8/30/2020,1,2,Wind,243,Sunday,August,Summer,2748
6/4/2022,21,22,Wind,155,Saturday,June,Summer,4362
3/28/2020,7,8,Wind,88,Saturday,March,Spring,2548
5/10/2024,12,13,Solar,131,Friday,May,Spring,11083
3/24/2020,2,3,Wind,84,Tuesday,March,Spring,6448
3/6/2023,6,7,Wind,65,Monday,March,Spring,1479
11/30/2021,0,1,Wind,334,Tuesday,November,Fall,6255
1/23/2023,12,13,Wind,23,Monday,January,Winter,7331
8/4/2023,18,19,Wind,216,Friday,August,Summer,7300
9/22/2025,14,15,Wind,265,Monday,September,Fall,8812
4/30/2024,1,2,Wind,121,Tuesday,April,Spring,3771
7/14/2020,22,23,Wind,196,Tuesday,July,Summer,1726
12/31/2023,15,16,Wind,365,Sunday,December,Winter,18435
3/4/2025,16,17,Solar,63,Tuesday,March,Spring,4702
1/2/2022,11,12,Wind,2,Sunday,January,Winter,11203
8/17/2021,6,7,Wind,229,Tuesday,August,Summer,1590
4/15/2023,7,8,Wind,105,Saturday,April,Spring,7248
9/22/2023,10,11,Wind,265,Friday,September,Fall,8885
12/6/2020,4,5,Wind,341,Sunday,December,Winter,3287
9/18/2023,5,6,Wind,261,Monday,September,Fall,6373
6/11/2020,23,0,Wind,163,Thursday,June,Summer,4033
8/9/2023,4,5,Wind,221,Wednesday,August,Summer,2396
8/29/2020,12,13,Wind,242,Saturday,August,Summer,4482
5/30/2024,17,18,Wind,151,Thursday,May,Spring,12091
6/9/2020,2,3,Wind,161,Tuesday,June,Summer,3597
9/12/2025,22,23,Wind,255,Friday,September,Fall,6097
2/15/2022,15,16,Wind,46,Tuesday,February,Winter,13655
11/17/2024,2,3,Wind,322,Sunday,November,Fall,4894
12/19/2023,8,9,Wind,353,Tuesday,December,Winter,8095
2/10/2024,19,20,Wind,41,Saturday,February,Winter,7820
10/24/2023,18,19,Wind,297,Tuesday,October,Fall,3772
6/23/2021,10,11,Solar,174,Wednesday,June,Summer,3755
1/9/2025,6,7,Wind,9,Thursday,January,Winter,12685
2/22/2024,20,21,Wind,53,Thursday,February,Winter,17499
6/6/2024,14,15,Solar,158,Thursday,June,Summer,8522
9/15/2024,1,2,Wind,259,Sunday,September,Fall,3730
12/15/2021,11,12,Solar,349,Wednesday,December,Winter,3503
10/6/2024,18,19,Wind,280,Sunday,October,Fall,8023
8/3/2023,21,22,Wind,215,Thursday,August,Summer,4024
10/20/2024,23,0,Wind,294,Sunday,October,Fall,8964
3/30/2021,19,20,Wind,89,Tuesday,March,Spring,1147
9/3/2020,7,8,Wind,247,Thursday,September,Fall,2032
10/6/2021,2,3,Wind,279,Wednesday,October,Fall,8433
1/7/2024,22,23,Wind,7,Sunday,January,Winter,11747
12/1/2023,6,7,Wind,335,Friday,December,Winter,2284
3/3/2021,21,22,Wind,62,Wednesday,March,Spring,1128
4/18/2020,21,22,Wind,109,Saturday,April,Spring,1215
4/11/2022,2,3,Wind,101,Monday,April,Spring,9774
12/12/2021,6,7,Wind,346,Sunday,December,Winter,5111
8/29/2021,18,19,Wind,241,Sunday,August,Summer,6095
3/18/2020,10,11,Solar,78,Wednesday,March,Spring,3175
6/25/2022,7,8,Wind,176,Saturday,June,Summer,2159
4/18/2023,11,12,Wind,108,Tuesday,April,Spring,11565
4/27/2021,20,21,Wind,117,Tuesday,April,Spring,1032
2/1/2020,16,17,Wind,32,Saturday,February,Winter,11065
9/20/2022,22,23,Wind,263,Tuesday,September,Fall,2922
1/29/2024,22,23,Wind,29,Monday,January,Winter,9034
9/13/2023,20,21,Wind,256,Wednesday,September,Fall,1390
10/30/2021,18,19,Wind,303,Saturday,October,Fall,4389
9/27/2022,2,3,Wind,270,Tuesday,September,Fall,6928
1/29/2025,9,10,Wind,29,Wednesday,January,Winter,13368
7/2/2024,0,1,Wind,184,Tuesday,July,Summer,3683
10/24/2020,3,4,Wind,298,Saturday,October,Fall,6021
6/21/2022,0,1,Wind,172,Tuesday,June,Summer,5789
2/16/2025,10,11,Solar,47,Sunday,February,Winter,7270
11/5/2025,17,18,Wind,309,Wednesday,November,Fall,12121
3/22/2025,7,8,Wind,81,Saturday,March,Spring,8524
11/8/2023,9,10,Wind,312,Wednesday,November,Fall,12232
10/10/2024,23,0,Wind,284,Thursday,October,Fall,2319
9/17/2024,10,11,Wind,261,Tuesday,September,Fall,14059
10/2/2023,19,20,Wind,275,Monday,October,Fall,5601
2/24/2021,12,13,Wind,55,Wednesday,February,Winter,8746
6/26/2023,9,10,Solar,177,Monday,June,Summer,6076
2/11/2023,14,15,Solar,42,Saturday,February,Winter,5927
6/25/2025,23,0,Wind,176,Wednesday,June,Summer,5491
8/28/2023,21,22,Wind,240,Monday,August,Summer,3213
1/26/2021,17,18,Wind,26,Tuesday,January,Winter,3944
12/30/2020,9,10,Wind,365,Wednesday,December,Winter,3287
12/7/2021,1,2,Wind,341,Tuesday,December,Winter,8851
4/13/2020,20,21,Wind,104,Monday,April,Spring,10314
8/2/2024,22,23,Wind,215,Friday,August,Summer,4700
12/12/2021,22,23,Wind,346,Sunday,December,Winter,1910
5/3/2025,22,23,Wind,123,Saturday,May,Spring,5299
11/26/2024,16,17,Wind,331,Tuesday,November,Fall,3695
6/4/2025,8,9,Wind,155,Wednesday,June,Summer,3666
5/16/2021,6,7,Wind,136,Sunday,May,Spring,4293
9/21/2025,1,2,Wind,264,Sunday,September,Fall,7088
6/25/2022,21,22,Wind,176,Saturday,June,Summer,2133
4/10/2024,3,4,Wind,101,Wednesday,April,Spring,6344
6/5/2024,23,0,Wind,157,Wednesday,June,Summer,1730
9/3/2024,16,17,Solar,247,Tuesday,September,Fall,4492
1/20/2024,20,21,Wind,20,Saturday,January,Winter,8001
12/30/2023,12,13,Wind,364,Saturday,December,Winter,12265
10/8/2021,10,11,Solar,281,Friday,October,Fall,5294
11/27/2024,3,4,Wind,332,Wednesday,November,Fall,11127
12/29/2020,9,10,Wind,364,Tuesday,December,Winter,4426
1/20/2020,15,16,Wind,20,Monday,January,Winter,6593
5/10/2024,5,6,Wind,131,Friday,May,Spring,4594
6/21/2021,16,17,Solar,172,Monday,June,Summer,4701
1/28/2022,22,23,Wind,28,Friday,January,Winter,3521
6/15/2020,11,12,Solar,167,Monday,June,Summer,4552
10/10/2025,21,22,Wind,283,Friday,October,Fall,4056
4/23/2021,20,21,Wind,113,Friday,April,Spring,5369
2/1/2025,13,14,Solar,32,Saturday,February,Winter,6105
3/11/2023,8,9,Wind,70,Saturday,March,Spring,4389
3/26/2020,15,16,Wind,86,Thursday,March,Spring,8343
11/18/2023,23,0,Wind,322,Saturday,November,Fall,11947
5/19/2020,14,15,Solar,140,Tuesday,May,Spring,5795
2/10/2023,6,7,Wind,41,Friday,February,Winter,629
5/5/2021,17,18,Wind,125,Wednesday,May,Spring,10312
9/22/2024,20,21,Wind,266,Sunday,September,Fall,2722
12/29/2020,12,13,Wind,364,Tuesday,December,Winter,5039
3/25/2020,12,13,Solar,85,Wednesday,March,Spring,5870
10/4/2020,17,18,Wind,278,Sunday,October,Fall,11028
4/9/2024,11,12,Wind,100,Tuesday,April,Spring,11478
12/29/2021,9,10,Wind,363,Wednesday,December,Winter,8302
6/22/2024,11,12,Solar,174,Saturday,June,Summer,7321
2/23/2025,21,22,Wind,54,Sunday,February,Winter,11852
3/4/2024,23,0,Wind,64,Monday,March,Spring,5856
8/7/2021,8,9,Wind,219,Saturday,August,Summer,4137
1/27/2024,13,14,Solar,27,Saturday,January,Winter,5520
3/4/2024,6,7,Wind,64,Monday,March,Spring,3881
11/20/2024,23,0,Wind,325,Wednesday,November,Fall,6132
5/19/2020,10,11,Solar,140,Tuesday,May,Spring,4412
5/24/2021,10,11,Wind,144,Monday,May,Spring,9548
3/6/2024,8,9,Solar,66,Wednesday,March,Spring,2257
11/2/2022,2,3,Wind,306,Wednesday,November,Fall,9453
12/1/2024,1,2,Wind,336,Sunday,December,Winter,4016
9/9/2024,19,20,Wind,253,Monday,September,Fall,7981
11/29/2024,1,2,Wind,334,Friday,November,Fall,5147
11/29/2023,20,21,Wind,333,Wednesday,November,Fall,2256
12/29/2022,14,15,Wind,363,Thursday,December,Winter,11907
4/14/2025,11,12,Solar,104,Monday,April,Spring,7730
6/30/2023,5,6,Wind,181,Friday,June,Summer,2493
5/4/2022,3,4,Wind,124,Wednesday,May,Spring,2101
2/23/2020,1,2,Wind,54,Sunday,February,Winter,8085
11/27/2020,12,13,Solar,332,Friday,November,Fall,2867
12/31/2023,2,3,Wind,365,Sunday,December,Winter,16903
12/13/2022,4,5,Wind,347,Tuesday,December,Winter,6726
6/8/2025,3,4,Wind,159,Sunday,June,Summer,11586
1/28/2021,2,3,Wind,28,Thursday,January,Winter,7021
9/6/2020,12,13,Solar,250,Sunday,September,Fall,4167
10/30/2020,14,15,Wind,304,Friday,October,Fall,6293
7/15/2023,4,5,Wind,196,Saturday,July,Summer,6081
9/19/2020,9,10,Wind,263,Saturday,September,Fall,3664
2/22/2021,21,22,Wind,53,Monday,February,Winter,5226
4/7/2022,12,13,Wind,97,Thursday,April,Spring,17815
5/10/2022,1,2,Wind,130,Tuesday,May,Spring,787
10/26/2022,19,20,Wind,299,Wednesday,October,Fall,2435
6/19/2024,12,13,Solar,171,Wednesday,June,Summer,10246
1/16/2021,11,12,Wind,16,Saturday,January,Winter,6320
5/28/2022,18,19,Wind,148,Saturday,May,Spring,8846
10/29/2025,17,18,Wind,302,Wednesday,October,Fall,8855
5/10/2024,14,15,Solar,131,Friday,May,Spring,11009
3/5/2024,3,4,Wind,65,Tuesday,March,Spring,5593
2/8/2021,20,21,Wind,39,Monday,February,Winter,2080
4/5/2021,9,10,Wind,95,Monday,April,Spring,7362
10/25/2024,17,18,Wind,299,Friday,October,Fall,3111
8/9/2025,14,15,Solar,221,Saturday,August,Summer,5192
8/13/2024,22,23,Wind,226,Tuesday,August,Summer,1520
6/17/2024,10,11,Solar,169,Monday,June,Summer,6256
4/16/2023,4,5,Wind,106,Sunday,April,Spring,5339
7/2/2023,17,18,Wind,183,Sunday,July,Summer,7678
6/26/2022,23,0,Wind,177,Sunday,June,Summer,1151
9/17/2024,9,10,Wind,261,Tuesday,September,Fall,11852
12/31/2021,9,10,Wind,365,Friday,December,Winter,6180
12/20/2021,15,16,Wind,354,Monday,December,Winter,3926
9/30/2022,16,17,Wind,273,Friday,September,Fall,9086
11/4/2025,14,15,Wind,308,Tuesday,November,Fall,12790
3/19/2022,22,23,Wind,78,Saturday,March,Spring,8847
5/29/2022,19,20,Wind,149,Sunday,May,Spring,5235
9/24/2024,12,13,Wind,268,Tuesday,September,Fall,12247
12/16/2023,18,19,Wind,350,Saturday,December,Winter,2464
11/3/2024,6,7,Wind,308,Sunday,November,Fall,2638
11/29/2020,18,19,Wind,334,Sunday,November,Fall,2915
9/16/2021,9,10,Solar,259,Thursday,September,Fall,1244
3/29/2025,4,5,Wind,88,Saturday,March,Spring,9879
7/10/2023,9,10,Solar,191,Monday,July,Summer,3808
12/28/2023,18,19,Wind,362,Thursday,December,Winter,13143
12/2/2020,18,19,Wind,337,Wednesday,December,Winter,1702
9/11/2021,2,3,Wind,254,Saturday,September,Fall,1693
10/20/2025,11,12,Wind,293,Monday,October,Fall,17289
10/4/2020,19,20,Wind,278,Sunday,October,Fall,9887
5/22/2022,8,9,Wind,142,Sunday,May,Spring,3176
4/21/2025,18,19,Wind,111,Monday,April,Spring,5746
4/29/2023,9,10,Solar,119,Saturday,April,Spring,2584
11/13/2020,13,14,Wind,318,Friday,November,Fall,6261
4/26/2020,6,7,Wind,117,Sunday,April,Spring,1181
11/18/2021,20,21,Wind,322,Thursday,November,Fall,1523
11/4/2023,5,6,Wind,308,Saturday,November,Fall,12917
1/6/2020,12,13,Wind,6,Monday,January,Winter,5508
2/11/2025,0,1,Wind,42,Tuesday,February,Winter,6544
9/23/2024,22,23,Wind,267,Monday,September,Fall,5320
7/24/2021,6,7,Wind,205,Saturday,July,Summer,3849
5/25/2022,4,5,Wind,145,Wednesday,May,Spring,2759
10/2/2020,4,5,Wind,276,Friday,October,Fall,10200
6/16/2024,5,6,Wind,168,Sunday,June,Summer,8312
3/17/2022,7,8,Wind,76,Thursday,March,Spring,4859
7/25/2021,20,21,Wind,206,Sunday,July,Summer,2703
8/14/2020,1,2,Wind,227,Friday,August,Summer,2099
2/5/2021,9,10,Wind,36,Friday,February,Winter,2001
10/23/2021,14,15,Solar,296,Saturday,October,Fall,5243
10/14/2023,13,14,Wind,287,Saturday,October,Fall,6935
1/9/2024,12,13,Wind,9,Tuesday,January,Winter,7316
6/1/2022,21,22,Wind,152,Wednesday,June,Summer,2633
11/13/2025,7,8,Wind,317,Thursday,November,Fall,10177
12/23/2020,18,19,Wind,358,Wednesday,December,Winter,12555
3/28/2020,21,22,Wind,88,Saturday,March,Spring,11009
3/22/2023,19,20,Wind,81,Wednesday,March,Spring,12608
12/14/2020,20,21,Wind,349,Monday,December,Winter,6605
10/16/2022,7,8,Wind,289,Sunday,October,Fall,2775
12/25/2022,7,8,Wind,359,Sunday,December,Winter,5233
5/28/2022,21,22,Wind,148,Saturday,May,Spring,6221
7/29/2021,8,9,Wind,210,Thursday,July,Summer,3787
6/9/2021,18,19,Solar,160,Wednesday,June,Summer,3406
6/29/2023,22,23,Wind,180,Thursday,June,Summer,2982
11/28/2021,21,22,Wind,332,Sunday,November,Fall,5528
9/6/2025,15,16,Solar,249,Saturday,September,Fall,7432
11/22/2025,19,20,Wind,326,Saturday,November,Fall,10661
8/21/2023,7,8,Wind,233,Monday,August,Summer,1897
10/1/2025,0,1,Wind,274,Wednesday,October,Fall,2823
6/20/2025,12,13,Solar,171,Friday,June,Summer,11247
1/31/2025,19,20,Wind,31,Friday,January,Winter,5419
7/2/2024,11,12,Solar,184,Tuesday,July,Summer,6880
2/3/2021,20,21,Wind,34,Wednesday,February,Winter,9043
1/25/2021,5,6,Wind,25,Monday,January,Winter,6084
3/3/2025,0,1,Wind,62,Monday,March,Spring,4216
5/4/2024,17,18,Wind,125,Saturday,May,Spring,5803
9/9/2024,18,19,Wind,253,Monday,September,Fall,9916
9/16/2024,3,4,Wind,260,Monday,September,Fall,2943
7/12/2024,21,22,Wind,194,Friday,July,Summer,2752
11/28/2022,14,15,Wind,332,Monday,November,Fall,4538
3/22/2020,10,11,Wind,82,Sunday,March,Spring,11238
2/5/2020,18,19,Wind,36,Wednesday,February,Winter,1769
11/5/2024,8,9,Wind,310,Tuesday,November,Fall,2186
8/15/2020,6,7,Wind,228,Saturday,August,Summer,457
9/19/2020,5,6,Wind,263,Saturday,September,Fall,4265
9/30/2022,10,11,Solar,273,Friday,September,Fall,4255
11/23/2020,17,18,Wind,328,Monday,November,Fall,620
7/22/2024,13,14,Solar,204,Monday,July,Summer,10243
5/18/2024,6,7,Wind,139,Saturday,May,Spring,761
8/9/2022,1,2,Wind,221,Tuesday,August,Summer,7181
9/19/2024,20,21,Wind,263,Thursday,September,Fall,7802
5/16/2025,18,19,Wind,136,Friday,May,Spring,10928
8/29/2021,1,2,Wind,241,Sunday,August,Summer,4508
5/26/2025,6,7,Wind,146,Monday,May,Spring,5453
2/27/2021,8,9,Wind,58,Saturday,February,Winter,6414
2/1/2023,14,15,Wind,32,Wednesday,February,Winter,11735
11/19/2021,8,9,Wind,323,Friday,November,Fall,1628
9/3/2022,8,9,Wind,246,Saturday,September,Fall,2057
10/19/2024,8,9,Wind,293,Saturday,October,Fall,6338
6/8/2022,22,23,Wind,159,Wednesday,June,Summer,6493
6/25/2021,18,19,Solar,176,Friday,June,Summer,3314
9/29/2023,4,5,Wind,272,Friday,September,Fall,8331
9/26/2023,0,1,Wind,269,Tuesday,September,Fall,1382
3/23/2024,21,22,Wind,83,Saturday,March,Spring,9466
6/24/2023,10,11,Solar,175,Saturday,June,Summer,6886
8/30/2020,9,10,Wind,243,Sunday,August,Summer,4184
9/25/2021,13,14,Solar,268,Saturday,September,Fall,4377
2/9/2024,3,4,Wind,40,Friday,February,Winter,16390
7/28/2020,19,20,Wind,210,Tuesday,July,Summer,5024
8/12/2020,7,8,Wind,225,Wednesday,August,Summer,2071
5/22/2025,5,6,Wind,142,Thursday,May,Spring,5212
10/19/2024,9,10,Wind,293,Saturday,October,Fall,7672
11/20/2025,19,20,Wind,324,Thursday,November,Fall,4026
7/18/2025,13,14,Solar,199,Friday,July,Summer,9011
1/3/2021,22,23,Wind,3,Sunday,January,Winter,2226
6/26/2021,8,9,Solar,177,Saturday,June,Summer,1519
11/18/2024,10,11,Wind,323,Monday,November,Fall,9491
8/1/2022,0,1,Wind,213,Monday,August,Summer,2712
4/19/2021,21,22,Wind,109,Monday,April,Spring,789
6/29/2020,12,13,Wind,181,Monday,June,Summer,8685
6/7/2024,13,14,Solar,159,Friday,June,Summer,6670
10/1/2023,11,12,Solar,274,Sunday,October,Fall,6703
5/19/2025,5,6,Wind,139,Monday,May,Spring,5266
7/6/2025,22,23,Wind,187,Sunday,July,Summer,6434
6/30/2020,7,8,Wind,182,Tuesday,June,Summer,3596
3/6/2025,7,8,Wind,65,Thursday,March,Spring,9579
4/17/2021,19,20,Wind,107,Saturday,April,Spring,6158
4/19/2023,9,10,Wind,109,Wednesday,April,Spring,7649
2/28/2021,18,19,Wind,59,Sunday,February,Winter,5701
1/15/2020,21,22,Wind,15,Wednesday,January,Winter,4745
10/28/2020,23,0,Wind,302,Wednesday,October,Fall,11043
10/12/2020,16,17,Wind,286,Monday,October,Fall,3991
1/6/2023,23,0,Wind,6,Friday,January,Winter,8096
6/2/2020,18,19,Solar,154,Tuesday,June,Summer,2473
7/16/2025,14,15,Solar,197,Wednesday,July,Summer,16316
4/7/2020,15,16,Solar,98,Tuesday,April,Spring,5040
8/17/2020,20,21,Wind,230,Monday,August,Summer,1498
9/27/2023,4,5,Wind,270,Wednesday,September,Fall,480
4/28/2022,0,1,Wind,118,Thursday,April,Spring,7345
5/15/2023,4,5,Wind,135,Monday,May,Spring,2885
3/30/2022,16,17,Wind,89,Wednesday,March,Spring,3581
5/15/2025,0,1,Wind,135,Thursday,May,Spring,6342
12/31/2021,6,7,Wind,365,Friday,December,Winter,5824
6/2/2025,13,14,Solar,153,Monday,June,Summer,6203
11/30/2021,15,16,Wind,334,Tuesday,November,Fall,12500
5/28/2022,19,20,Wind,148,Saturday,May,Spring,8020
12/19/2024,16,17,Wind,354,Thursday,December,Winter,15633
4/20/2024,5,6,Wind,111,Saturday,April,Spring,6858
7/4/2021,23,0,Wind,185,Sunday,July,Summer,2638
10/24/2021,2,3,Wind,297,Sunday,October,Fall,4189
11/29/2025,21,22,Wind,333,Saturday,November,Fall,7062
3/25/2024,23,0,Wind,85,Monday,March,Spring,8777
6/5/2022,23,0,Wind,156,Sunday,June,Summer,3380
12/21/2020,12,13,Wind,356,Monday,December,Winter,12640
10/18/2021,4,5,Wind,291,Monday,October,Fall,2664
8/17/2022,10,11,Solar,229,Wednesday,August,Summer,3428
5/8/2022,11,12,Solar,128,Sunday,May,Spring,7322
4/30/2025,0,1,Wind,120,Wednesday,April,Spring,7318
1/31/2022,22,23,Wind,31,Monday,January,Winter,8147
5/19/2022,2,3,Wind,139,Thursday,May,Spring,4815
12/15/2020,2,3,Wind,350,Tuesday,December,Winter,5470
5/1/2024,15,16,Wind,122,Wednesday,May,Spring,2385
10/14/2022,12,13,Wind,287,Friday,October,Fall,8105
9/12/2024,1,2,Wind,256,Thursday,September,Fall,4725
7/17/2021,1,2,Wind,198,Saturday,July,Summer,2929
4/23/2023,17,18,Wind,113,Sunday,April,Spring,16075
9/25/2022,12,13,Solar,268,Sunday,September,Fall,6161
12/1/2024,12,13,Wind,336,Sunday,December,Winter,10028
1/21/2024,21,22,Wind,21,Sunday,January,Winter,16235
12/31/2024,23,0,Wind,366,Tuesday,December,Winter,10602
8/2/2025,0,1,Wind,214,Saturday,August,Summer,4160
11/9/2022,12,13,Wind,313,Wednesday,November,Fall,7650
6/16/2024,22,23,Wind,168,Sunday,June,Summer,2549
5/28/2020,14,15,Solar,149,Thursday,May,Spring,7591
11/24/2025,17,18,Wind,328,Monday,November,Fall,11121
6/23/2021,3,4,Wind,174,Wednesday,June,Summer,2688
9/4/2022,9,10,Solar,247,Sunday,September,Fall,4056
11/21/2021,6,7,Wind,325,Sunday,November,Fall,569
5/27/2023,17,18,Solar,147,Saturday,May,Spring,6146
9/16/2025,21,22,Wind,259,Tuesday,September,Fall,3074
3/7/2020,3,4,Wind,67,Saturday,March,Spring,3332
9/16/2022,20,21,Wind,259,Friday,September,Fall,4896
4/1/2025,12,13,Wind,91,Tuesday,April,Spring,18978
3/20/2024,12,13,Solar,80,Wednesday,March,Spring,7394
4/9/2020,15,16,Solar,100,Thursday,April,Spring,4576
5/18/2024,13,14,Solar,139,Saturday,May,Spring,3058
10/28/2021,6,7,Wind,301,Thursday,October,Fall,5836
3/23/2021,23,0,Wind,82,Tuesday,March,Spring,1340
5/22/2023,22,23,Wind,142,Monday,May,Spring,5407
6/25/2022,18,19,Wind,176,Saturday,June,Summer,4491
4/17/2024,14,15,Wind,108,Wednesday,April,Spring,13351
7/18/2021,23,0,Wind,199,Sunday,July,Summer,6890
4/19/2020,15,16,Wind,110,Sunday,April,Spring,3193
10/12/2023,6,7,Wind,285,Thursday,October,Fall,4319
3/15/2022,18,19,Wind,74,Tuesday,March,Spring,2580
1/11/2025,19,20,Wind,11,Saturday,January,Winter,2507
10/13/2023,15,16,Wind,286,Friday,October,Fall,17641
3/12/2021,8,9,Wind,71,Friday,March,Spring,10511
4/20/2022,5,6,Wind,110,Wednesday,April,Spring,4689
11/17/2025,16,17,Wind,321,Monday,November,Fall,8101
4/28/2025,13,14,Solar,118,Monday,April,Spring,4939
5/17/2020,22,23,Wind,138,Sunday,May,Spring,2263
4/2/2024,21,22,Wind,93,Tuesday,April,Spring,8880
5/19/2022,16,17,Solar,139,Thursday,May,Spring,7748
12/14/2023,4,5,Wind,348,Thursday,December,Winter,7008
7/20/2025,4,5,Wind,201,Sunday,July,Summer,4069
7/8/2020,10,11,Solar,190,Wednesday,July,Summer,5097
4/26/2024,22,23,Wind,117,Friday,April,Spring,3763
8/29/2023,17,18,Solar,241,Tuesday,August,Summer,5120
11/17/2022,23,0,Wind,321,Thursday,November,Fall,8902
11/20/2025,4,5,Wind,324,Thursday,November,Fall,7695
7/11/2023,4,5,Wind,192,Tuesday,July,Summer,1935
1/27/2021,18,19,Wind,27,Wednesday,January,Winter,4009
10/9/2020,11,12,Wind,283,Friday,October,Fall,4222
11/25/2021,14,15,Wind,329,Thursday,November,Fall,3710
12/13/2020,14,15,Wind,348,Sunday,December,Winter,7343
6/24/2020,19,20,Wind,176,Wednesday,June,Summer,3291
10/18/2020,8,9,Wind,292,Sunday,October,Fall,1059
4/17/2020,0,1,Wind,108,Friday,April,Spring,2220
10/25/2022,2,3,Wind,298,Tuesday,October,Fall,5694
3/24/2023,15,16,Wind,83,Friday,March,Spring,17590
9/30/2022,19,20,Wind,273,Friday,September,Fall,6940
6/1/2024,5,6,Wind,153,Saturday,June,Summer,5758
11/10/2025,16,17,Wind,314,Monday,November,Fall,9768
2/22/2024,9,10,Wind,53,Thursday,February,Winter,17056
9/24/2021,16,17,Solar,267,Friday,September,Fall,3933
11/8/2023,19,20,Wind,312,Wednesday,November,Fall,14862
7/15/2022,8,9,Wind,196,Friday,July,Summer,3844
4/4/2024,16,17,Wind,95,Thursday,April,Spring,18160
8/3/2025,6,7,Wind,215,Sunday,August,Summer,1968
8/16/2020,0,1,Wind,229,Sunday,August,Summer,1831
10/26/2023,6,7,Wind,299,Thursday,October,Fall,5403
7/2/2023,7,8,Wind,183,Sunday,July,Summer,2703
12/11/2022,18,19,Wind,345,Sunday,December,Winter,1499
12/7/2022,0,1,Wind,341,Wednesday,December,Winter,2427
5/28/2025,9,10,Wind,148,Wednesday,May,Spring,14628
7/4/2024,11,12,Wind,186,Thursday,July,Summer,11596
6/20/2020,14,15,Solar,172,Saturday,June,Summer,4334
10/27/2025,19,20,Wind,300,Monday,October,Fall,9625
2/21/2021,12,13,Wind,52,Sunday,February,Winter,9016
1/3/2025,14,15,Wind,3,Friday,January,Winter,5219
2/13/2025,0,1,Wind,44,Thursday,February,Winter,1016
6/23/2021,17,18,Wind,174,Wednesday,June,Summer,4314
8/17/2020,0,1,Wind,230,Monday,August,Summer,2055
8/12/2023,12,13,Solar,224,Saturday,August,Summer,7944
1/22/2025,11,12,Wind,22,Wednesday,January,Winter,6748
9/14/2025,14,15,Wind,257,Sunday,September,Fall,7618
11/8/2021,10,11,Solar,312,Monday,November,Fall,3832
1/3/2021,23,0,Wind,3,Sunday,January,Winter,2060
6/15/2021,6,7,Wind,166,Tuesday,June,Summer,1647
11/1/2024,16,17,Solar,306,Friday,November,Fall,1612
11/25/2024,11,12,Wind,330,Monday,November,Fall,12852
2/21/2021,17,18,Wind,52,Sunday,February,Winter,5918
5/15/2020,16,17,Wind,136,Friday,May,Spring,5825
11/19/2023,5,6,Wind,323,Sunday,November,Fall,11783
6/10/2021,21,22,Wind,161,Thursday,June,Summer,1475
7/18/2022,15,16,Solar,199,Monday,July,Summer,7346
11/22/2021,4,5,Wind,326,Monday,November,Fall,8247
1/18/2022,15,16,Wind,18,Tuesday,January,Winter,4530
7/16/2025,3,4,Wind,197,Wednesday,July,Summer,7222
1/27/2022,20,21,Wind,27,Thursday,January,Winter,3833
3/29/2024,3,4,Wind,89,Friday,March,Spring,10394
8/23/2025,18,19,Solar,235,Saturday,August,Summer,5153
3/4/2023,19,20,Wind,63,Saturday,March,Spring,3414
4/25/2022,4,5,Wind,115,Monday,April,Spring,3390
5/25/2020,21,22,Wind,146,Monday,May,Spring,2713
6/6/2025,12,13,Wind,157,Friday,June,Summer,7272
1/6/2020,0,1,Wind,6,Monday,January,Winter,2280
6/30/2023,18,19,Wind,181,Friday,June,Summer,8277
9/3/2024,8,9,Solar,247,Tuesday,September,Fall,1421
8/10/2024,12,13,Solar,223,Saturday,August,Summer,4442
2/12/2024,20,21,Wind,43,Monday,February,Winter,3368
7/16/2023,23,0,Wind,197,Sunday,July,Summer,2997
4/5/2025,19,20,Wind,95,Saturday,April,Spring,6203
8/15/2022,16,17,Solar,227,Monday,August,Summer,7560
3/28/2021,21,22,Wind,87,Sunday,March,Spring,2629
7/2/2024,21,22,Wind,184,Tuesday,July,Summer,3140
10/14/2021,9,10,Wind,287,Thursday,October,Fall,3533
3/22/2020,22,23,Wind,82,Sunday,March,Spring,9398
4/12/2021,13,14,Solar,102,Monday,April,Spring,6529
4/3/2020,1,2,Wind,94,Friday,April,Spring,2592
11/28/2022,12,13,Wind,332,Monday,November,Fall,4959
10/22/2020,9,10,Wind,296,Thursday,October,Fall,5024
3/15/2021,3,4,Wind,74,Monday,March,Spring,10923
11/13/2025,20,21,Wind,317,Thursday,November,Fall,12001
4/5/2022,5,6,Wind,95,Tuesday,April,Spring,6452
4/28/2021,14,15,Solar,118,Wednesday,April,Spring,4079
7/24/2022,6,7,Wind,205,Sunday,July,Summer,969
9/14/2020,7,8,Wind,258,Monday,September,Fall,2828
6/15/2020,4,5,Wind,167,Monday,June,Summer,2126
11/1/2020,19,20,Wind,306,Sunday,November,Fall,11879
8/16/2022,9,10,Solar,228,Tuesday,August,Summer,2904
7/26/2021,4,5,Wind,207,Monday,July,Summer,1922
4/4/2022,18,19,Wind,94,Monday,April,Spring,11731
12/13/2024,14,15,Solar,348,Friday,December,Winter,2515
5/28/2020,15,16,Wind,149,Thursday,May,Spring,7608
9/18/2022,6,7,Wind,261,Sunday,September,Fall,2221
8/22/2024,12,13,Solar,235,Thursday,August,Summer,7995
5/26/2022,12,13,Solar,146,Thursday,May,Spring,6717
9/14/2025,3,4,Wind,257,Sunday,September,Fall,4181
9/14/2020,8,9,Wind,258,Monday,September,Fall,3313
3/16/2025,19,20,Wind,75,Sunday,March,Spring,5740
10/1/2021,20,21,Wind,274,Friday,October,Fall,4953
4/21/2023,1,2,Wind,111,Friday,April,Spring,3355
9/6/2022,12,13,Solar,249,Tuesday,September,Fall,6967
3/13/2020,21,22,Wind,73,Friday,March,Spring,1697
4/10/2022,2,3,Wind,100,Sunday,April,Spring,1338
1/30/2022,10,11,Solar,30,Sunday,January,Winter,2888
10/21/2022,15,16,Wind,294,Friday,October,Fall,8982
3/4/2021,9,10,Solar,63,Thursday,March,Spring,1941
1/22/2024,15,16,Wind,22,Monday,January,Winter,16804
1/16/2025,0,1,Wind,16,Thursday,January,Winter,3652
11/13/2021,12,13,Wind,317,Saturday,November,Fall,5041
6/23/2022,20,21,Wind,174,Thursday,June,Summer,1923
12/16/2023,14,15,Solar,350,Saturday,December,Winter,4910
4/11/2022,3,4,Wind,101,Monday,April,Spring,9882
10/29/2021,14,15,Wind,302,Friday,October,Fall,11979
7/9/2020,7,8,Wind,191,Thursday,July,Summer,1479
4/25/2021,15,16,Wind,115,Sunday,April,Spring,8987
10/9/2020,19,20,Wind,283,Friday,October,Fall,2696
11/19/2021,13,14,Solar,323,Friday,November,Fall,3762
12/30/2022,6,7,Wind,364,Friday,December,Winter,11436
6/13/2023,23,0,Wind,164,Tuesday,June,Summer,5004
3/10/2020,2,3,Wind,70,Tuesday,March,Spring,12278
4/14/2025,10,11,Solar,104,Monday,April,Spring,6031
4/30/2024,11,12,Solar,121,Tuesday,April,Spring,7683
9/12/2022,16,17,Solar,255,Monday,September,Fall,5140
10/20/2022,14,15,Wind,293,Thursday,October,Fall,8558
11/30/2023,0,1,Wind,334,Thursday,November,Fall,2128
1/6/2020,23,0,Wind,6,Monday,January,Winter,5850
6/13/2021,18,19,Solar,164,Sunday,June,Summer,3933
12/7/2024,15,16,Wind,342,Saturday,December,Winter,19810
4/10/2025,1,2,Wind,100,Thursday,April,Spring,10031
2/21/2021,10,11,Wind,52,Sunday,February,Winter,9217
9/20/2022,4,5,Wind,263,Tuesday,September,Fall,2045
9/14/2025,23,0,Wind,257,Sunday,September,Fall,15838
6/25/2020,13,14,Solar,177,Thursday,June,Summer,5081
3/10/2022,18,19,Wind,69,Thursday,March,Spring,4082
6/14/2025,10,11,Solar,165,Saturday,June,Summer,4291
10/20/2021,0,1,Wind,293,Wednesday,October,Fall,10970
8/8/2021,21,22,Wind,220,Sunday,August,Summer,3163
2/5/2023,5,6,Wind,36,Sunday,February,Winter,4222
8/9/2021,2,3,Wind,221,Monday,August,Summer,2945
5/12/2025,8,9,Solar,132,Monday,May,Spring,3901
4/19/2024,1,2,Wind,110,Friday,April,Spring,5665
4/18/2025,23,0,Wind,108,Friday,April,Spring,9612
1/6/2023,16,17,Wind,6,Friday,January,Winter,6433
7/17/2020,19,20,Wind,199,Friday,July,Summer,2771
7/26/2023,23,0,Wind,207,Wednesday,July,Summer,3577
1/23/2024,2,3,Wind,23,Tuesday,January,Winter,12747
6/25/2020,10,11,Solar,177,Thursday,June,Summer,3414
6/1/2024,16,17,Wind,153,Saturday,June,Summer,6915
4/23/2024,8,9,Wind,114,Tuesday,April,Spring,4892
7/16/2020,6,7,Wind,198,Thursday,July,Summer,1388
5/28/2020,6,7,Wind,149,Thursday,May,Spring,3981
4/5/2020,7,8,Wind,96,Sunday,April,Spring,7671
1/11/2020,6,7,Wind,11,Saturday,January,Winter,2912
6/25/2021,13,14,Solar,176,Friday,June,Summer,5806
1/27/2020,14,15,Wind,27,Monday,January,Winter,9340
6/12/2022,9,10,Solar,163,Sunday,June,Summer,3891
9/5/2024,11,12,Solar,249,Thursday,September,Fall,7606
10/12/2021,1,2,Wind,285,Tuesday,October,Fall,3046
5/29/2025,21,22,Wind,149,Thursday,May,Spring,1207
5/31/2022,1,2,Wind,151,Tuesday,May,Spring,2019
10/18/2025,21,22,Wind,291,Saturday,October,Fall,6350
2/23/2021,10,11,Wind,54,Tuesday,February,Winter,9360
7/5/2021,11,12,Solar,186,Monday,July,Summer,7031
9/13/2025,17,18,Wind,256,Saturday,September,Fall,12059
3/22/2024,8,9,Solar,82,Friday,March,Spring,4072
12/24/2024,7,8,Wind,359,Tuesday,December,Winter,3075
6/9/2024,3,4,Wind,161,Sunday,June,Summer,3734
1/9/2021,13,14,Wind,9,Saturday,January,Winter,6317
6/5/2020,12,13,Wind,157,Friday,June,Summer,13242
9/4/2025,13,14,Wind,247,Thursday,September,Fall,14863
12/18/2023,16,17,Wind,352,Monday,December,Winter,2994
7/9/2025,6,7,Wind,190,Wednesday,July,Summer,1676
9/14/2024,17,18,Solar,258,Saturday,September,Fall,7606
6/20/2025,19,20,Wind,171,Friday,June,Summer,4544
2/11/2022,18,19,Wind,42,Friday,February,Winter,1753
4/14/2020,16,17,Wind,105,Tuesday,April,Spring,8019
11/23/2023,11,12,Solar,327,Thursday,November,Fall,7232
5/6/2023,8,9,Solar,126,Saturday,May,Spring,2948
6/9/2021,1,2,Wind,160,Wednesday,June,Summer,1569
8/25/2020,6,7,Wind,238,Tuesday,August,Summer,3959
2/28/2022,15,16,Solar,59,Monday,February,Winter,5659
3/12/2024,17,18,Wind,72,Tuesday,March,Spring,10459
7/23/2024,21,22,Wind,205,Tuesday,July,Summer,2927
7/19/2024,0,1,Wind,201,Friday,July,Summer,1662
2/23/2024,14,15,Wind,54,Friday,February,Winter,15612
9/3/2022,10,11,Solar,246,Saturday,September,Fall,4020
3/13/2023,1,2,Wind,72,Monday,March,Spring,14233
4/13/2024,7,8,Wind,104,Saturday,April,Spring,2307
7/30/2021,20,21,Wind,211,Friday,July,Summer,8655
1/22/2025,9,10,Wind,22,Wednesday,January,Winter,6315
11/6/2022,23,0,Wind,310,Sunday,November,Fall,11081
5/15/2022,9,10,Solar,135,Sunday,May,Spring,5538
10/9/2024,10,11,Wind,283,Wednesday,October,Fall,11747
3/24/2020,18,19,Wind,84,Tuesday,March,Spring,4898
12/29/2023,13,14,Wind,363,Friday,December,Winter,15847
7/1/2024,0,1,Wind,183,Monday,July,Summer,2760
11/24/2021,19,20,Wind,328,Wednesday,November,Fall,2095
7/13/2024,23,0,Wind,195,Saturday,July,Summer,334
12/1/2021,14,15,Wind,335,Wednesday,December,Winter,11647
4/26/2020,22,23,Wind,117,Sunday,April,Spring,457
8/16/2024,23,0,Wind,229,Friday,August,Summer,1612
4/14/2025,14,15,Solar,104,Monday,April,Spring,9083
5/17/2021,17,18,Wind,137,Monday,May,Spring,13497
9/19/2021,15,16,Solar,262,Sunday,September,Fall,5286
10/24/2025,23,0,Wind,297,Friday,October,Fall,14144
10/2/2023,16,17,Solar,275,Monday,October,Fall,7676
4/14/2020,6,7,Wind,105,Tuesday,April,Spring,6514
2/5/2020,13,14,Solar,36,Wednesday,February,Winter,3963
10/21/2025,22,23,Wind,294,Tuesday,October,Fall,6166
4/1/2022,7,8,Wind,91,Friday,April,Spring,9016
3/21/2020,4,5,Wind,81,Saturday,March,Spring,7299
1/2/2023,11,12,Wind,2,Monday,January,Winter,6422
2/20/2021,21,22,Wind,51,Saturday,February,Winter,12255
8/24/2025,10,11,Solar,236,Sunday,August,Summer,4112
5/6/2022,11,12,Solar,126,Friday,May,Spring,6911
11/12/2024,7,8,Wind,317,Tuesday,November,Fall,10329
12/8/2022,7,8,Wind,342,Thursday,December,Winter,1250
4/30/2020,19,20,Wind,121,Thursday,April,Spring,11566
5/8/2021,22,23,Wind,128,Saturday,May,Spring,5551
4/20/2020,1,2,Wind,111,Monday,April,Spring,5535
1/18/2022,2,3,Wind,18,Tuesday,January,Winter,2430
2/9/2025,0,1,Wind,40,Sunday,February,Winter,3868
12/28/2023,7,8,Wind,362,Thursday,December,Winter,13513
1/29/2022,11,12,Wind,29,Saturday,January,Winter,9867
11/23/2022,8,9,Wind,327,Wednesday,November,Fall,9532
10/19/2025,10,11,Wind,292,Sunday,October,Fall,10350
5/14/2025,7,8,Solar,134,Wednesday,May,Spring,1719
11/19/2023,1,2,Wind,323,Sunday,November,Fall,11829
10/22/2022,10,11,Wind,295,Saturday,October,Fall,5156
7/28/2025,3,4,Wind,209,Monday,July,Summer,4437
8/19/2023,5,6,Wind,231,Saturday,August,Summer,3735
12/15/2024,0,1,Wind,350,Sunday,December,Winter,4485
1/11/2021,5,6,Wind,11,Monday,January,Winter,2139
5/2/2021,19,20,Wind,122,Sunday,May,Spring,1824
11/12/2022,10,11,Solar,316,Saturday,November,Fall,5330
5/18/2024,11,12,Solar,139,Saturday,May,Spring,4830
1/24/2020,3,4,Wind,24,Friday,January,Winter,2178
8/7/2024,12,13,Solar,220,Wednesday,August,Summer,7806
12/19/2023,7,8,Wind,353,Tuesday,December,Winter,7637
7/29/2022,9,10,Solar,210,Friday,July,Summer,1886
4/10/2024,7,8,Wind,101,Wednesday,April,Spring,3567
1/8/2021,21,22,Wind,8,Friday,January,Winter,934
11/10/2024,4,5,Wind,315,Sunday,November,Fall,728
3/23/2021,3,4,Wind,82,Tuesday,March,Spring,2297
3/18/2024,7,8,Wind,78,Monday,March,Spring,2408
7/18/2023,7,8,Wind,199,Tuesday,July,Summer,3248
5/15/2025,19,20,Wind,135,Thursday,May,Spring,11522
5/6/2022,14,15,Solar,126,Friday,May,Spring,6812
5/17/2025,12,13,Solar,137,Saturday,May,Spring,5378
1/25/2023,19,20,Wind,25,Wednesday,January,Winter,1865
11/6/2023,20,21,Wind,310,Monday,November,Fall,9476
6/4/2023,10,11,Solar,155,Sunday,June,Summer,7001
4/17/2023,13,14,Solar,107,Monday,April,Spring,10082
2/21/2021,15,16,Wind,52,Sunday,February,Winter,7525
2/15/2021,9,10,Wind,46,Monday,February,Winter,11289
8/3/2023,5,6,Wind,215,Thursday,August,Summer,12714
5/27/2025,9,10,Wind,147,Tuesday,May,Spring,13251
5/24/2023,5,6,Wind,144,Wednesday,May,Spring,6672
12/16/2024,7,8,Wind,351,Monday,December,Winter,7127
9/2/2022,5,6,Wind,245,Friday,September,Fall,1940
4/16/2025,13,14,Solar,106,Wednesday,April,Spring,7798
6/6/2020,13,14,Wind,158,Saturday,June,Summer,10873
8/20/2024,9,10,Solar,233,Tuesday,August,Summer,6256
11/13/2024,18,19,Wind,318,Wednesday,November,Fall,5201
3/21/2023,4,5,Wind,80,Tuesday,March,Spring,4145
4/29/2022,12,13,Solar,119,Friday,April,Spring,6673
3/18/2023,14,15,Wind,77,Saturday,March,Spring,10327
5/27/2020,14,15,Solar,148,Wednesday,May,Spring,6923
11/8/2020,15,16,Wind,313,Sunday,November,Fall,2718
9/14/2022,2,3,Wind,257,Wednesday,September,Fall,1837
12/15/2021,1,2,Wind,349,Wednesday,December,Winter,1197
12/8/2020,22,23,Wind,343,Tuesday,December,Winter,2543
7/29/2025,6,7,Wind,210,Tuesday,July,Summer,2489
12/26/2020,0,1,Wind,361,Saturday,December,Winter,3607
11/6/2020,4,5,Wind,311,Friday,November,Fall,6681
3/31/2023,13,14,Wind,90,Friday,March,Spring,21624
4/2/2023,21,22,Wind,92,Sunday,April,Spring,7144
1/11/2022,2,3,Wind,11,Tuesday,January,Winter,2621
3/16/2020,20,21,Wind,76,Monday,March,Spring,1348
8/26/2021,13,14,Solar,238,Thursday,August,Summer,8454
7/5/2023,9,10,Wind,186,Wednesday,July,Summer,10340
5/3/2022,8,9,Wind,123,Tuesday,May,Spring,3293
8/10/2021,4,5,Wind,222,Tuesday,August,Summer,1235
8/22/2020,14,15,Wind,235,Saturday,August,Summer,11599
5/6/2022,3,4,Wind,126,Friday,May,Spring,3327
8/26/2025,13,14,Solar,238,Tuesday,August,Summer,10719
9/24/2021,17,18,Solar,267,Friday,September,Fall,2890
1/3/2023,17,18,Wind,3,Tuesday,January,Winter,8994
10/9/2023,7,8,Wind,282,Monday,October,Fall,1140
3/15/2022,23,0,Wind,74,Tuesday,March,Spring,4205
10/25/2022,18,19,Wind,298,Tuesday,October,Fall,4686
12/30/2024,11,12,Solar,365,Monday,December,Winter,2963
3/10/2023,17,18,Wind,69,Friday,March,Spring,11697
5/6/2023,13,14,Solar,126,Saturday,May,Spring,7109
10/10/2020,9,10,Wind,284,Saturday,October,Fall,2717
2/19/2023,18,19,Wind,50,Sunday,February,Winter,2222
9/13/2022,14,15,Solar,256,Tuesday,September,Fall,5433
10/15/2023,3,4,Wind,288,Sunday,October,Fall,2777
1/1/2022,1,2,Wind,1,Saturday,January,Winter,3210
5/14/2021,12,13,Wind,134,Friday,May,Spring,7647
11/4/2025,23,0,Wind,308,Tuesday,November,Fall,12730
1/29/2024,3,4,Wind,29,Monday,January,Winter,7443
1/13/2025,10,11,Wind,13,Monday,January,Winter,7719
7/6/2023,21,22,Wind,187,Thursday,July,Summer,868
3/14/2020,21,22,Wind,74,Saturday,March,Spring,3347
12/24/2023,15,16,Wind,358,Sunday,December,Winter,17075
4/6/2025,1,2,Wind,96,Sunday,April,Spring,9135
10/3/2024,3,4,Wind,277,Thursday,October,Fall,5240
3/6/2022,22,23,Wind,65,Sunday,March,Spring,7705
9/7/2022,18,19,Wind,250,Wednesday,September,Fall,4483
1/4/2024,17,18,Wind,4,Thursday,January,Winter,11934
3/24/2021,8,9,Solar,83,Wednesday,March,Spring,2756
3/31/2023,11,12,Wind,90,Friday,March,Spring,20332
2/14/2021,16,17,Wind,45,Sunday,February,Winter,9781
11/29/2020,22,23,Wind,334,Sunday,November,Fall,2194
5/23/2025,3,4,Wind,143,Friday,May,Spring,3654
2/28/2024,18,19,Wind,59,Wednesday,February,Winter,3872
8/13/2020,8,9,Wind,226,Thursday,August,Summer,1977
2/10/2022,7,8,Wind,41,Thursday,February,Winter,5427
5/22/2020,20,21,Wind,143,Friday,May,Spring,2791
3/7/2020,5,6,Wind,67,Saturday,March,Spring,2626
2/28/2025,22,23,Wind,59,Friday,February,Winter,7187
6/17/2023,10,11,Solar,168,Saturday,June,Summer,5207
10/8/2022,21,22,Wind,281,Saturday,October,Fall,2338
4/26/2020,16,17,Solar,117,Sunday,April,Spring,2886
1/21/2025,23,0,Wind,21,Tuesday,January,Winter,7139
5/18/2024,17,18,Solar,139,Saturday,May,Spring,5382
10/24/2023,20,21,Wind,297,Tuesday,October,Fall,5052
9/27/2025,1,2,Wind,270,Saturday,September,Fall,475
6/2/2025,1,2,Wind,153,Monday,June,Summer,3073
10/13/2021,23,0,Wind,286,Wednesday,October,Fall,2129
2/25/2022,15,16,Wind,56,Friday,February,Winter,8739
12/24/2023,10,11,Wind,358,Sunday,December,Winter,17796
11/19/2025,7,8,Wind,323,Wednesday,November,Fall,11799
4/29/2023,21,22,Wind,119,Saturday,April,Spring,2588
4/23/2023,13,14,Wind,113,Sunday,April,Spring,15150
9/13/2021,10,11,Solar,256,Monday,September,Fall,3635
8/17/2020,4,5,Wind,230,Monday,August,Summer,1804
3/13/2020,16,17,Wind,73,Friday,March,Spring,5262
7/18/2021,18,19,Wind,199,Sunday,July,Summer,9318
9/1/2025,17,18,Wind,244,Monday,September,Fall,10390
5/25/2020,16,17,Solar,146,Monday,May,Spring,5450
11/10/2024,17,18,Wind,315,Sunday,November,Fall,1524
9/30/2022,13,14,Solar,273,Friday,September,Fall,7262
5/18/2021,19,20,Wind,138,Tuesday,May,Spring,3940
8/10/2024,20,21,Wind,223,Saturday,August,Summer,1226
3/25/2021,4,5,Wind,84,Thursday,March,Spring,1928
10/30/2025,11,12,Solar,303,Thursday,October,Fall,9665
10/26/2022,1,2,Wind,299,Wednesday,October,Fall,7207
8/27/2020,13,14,Solar,240,Thursday,August,Summer,6251
4/27/2021,14,15,Solar,117,Tuesday,April,Spring,3324
5/7/2025,8,9,Wind,127,Wednesday,May,Spring,7619
6/26/2024,11,12,Solar,178,Wednesday,June,Summer,6737
8/9/2023,7,8,Wind,221,Wednesday,August,Summer,1969
1/25/2022,17,18,Solar,25,Tuesday,January,Winter,267
9/3/2020,2,3,Wind,247,Thursday,September,Fall,978
2/11/2020,23,0,Wind,42,Tuesday,February,Winter,9400
7/9/2022,1,2,Wind,190,Saturday,July,Summer,3653
8/4/2024,13,14,Solar,217,Sunday,August,Summer,4818
6/25/2022,4,5,Wind,176,Saturday,June,Summer,3209
12/7/2024,4,5,Wind,342,Saturday,December,Winter,18556
9/4/2020,8,9,Wind,248,Friday,September,Fall,1720
1/1/2022,19,20,Wind,1,Saturday,January,Winter,5238
5/8/2023,2,3,Wind,128,Monday,May,Spring,1701
4/22/2021,19,20,Wind,112,Thursday,April,Spring,5590
2/17/2021,0,1,Wind,48,Wednesday,February,Winter,9265
3/3/2020,6,7,Wind,63,Tuesday,March,Spring,4440
11/8/2023,15,16,Wind,312,Wednesday,November,Fall,16223
8/14/2023,2,3,Wind,226,Monday,August,Summer,1693
1/10/2023,5,6,Wind,10,Tuesday,January,Winter,7343
12/22/2021,20,21,Wind,356,Wednesday,December,Winter,5561
8/10/2024,2,3,Wind,223,Saturday,August,Summer,1755
11/14/2023,14,15,Wind,318,Tuesday,November,Fall,16988
3/17/2024,15,16,Solar,77,Sunday,March,Spring,6096
9/7/2021,16,17,Wind,250,Tuesday,September,Fall,6840
11/16/2025,21,22,Wind,320,Sunday,November,Fall,4414
7/15/2020,22,23,Wind,197,Wednesday,July,Summer,1874
10/8/2025,21,22,Wind,281,Wednesday,October,Fall,2608
6/9/2025,23,0,Wind,160,Monday,June,Summer,605
7/14/2020,3,4,Wind,196,Tuesday,July,Summer,2443
10/9/2022,6,7,Wind,282,Sunday,October,Fall,4887
5/28/2020,1,2,Wind,149,Thursday,May,Spring,5340
12/25/2021,15,16,Solar,359,Saturday,December,Winter,1223
8/2/2023,21,22,Wind,214,Wednesday,August,Summer,15855
1/9/2021,23,0,Wind,9,Saturday,January,Winter,5323
2/7/2022,22,23,Wind,38,Monday,February,Winter,4802
10/24/2022,23,0,Wind,297,Monday,October,Fall,7058
5/24/2025,16,17,Wind,144,Saturday,May,Spring,14446
1/11/2022,8,9,Wind,11,Tuesday,January,Winter,2912
12/21/2022,3,4,Wind,355,Wednesday,December,Winter,5032
12/17/2024,10,11,Wind,352,Tuesday,December,Winter,5491
1/30/2021,13,14,Wind,30,Saturday,January,Winter,8786
10/4/2020,16,17,Wind,278,Sunday,October,Fall,11664
5/29/2025,17,18,Solar,149,Thursday,May,Spring,8272
11/25/2024,10,11,Wind,330,Monday,November,Fall,12969
1/26/2020,13,14,Wind,26,Sunday,January,Winter,4437
3/3/2023,22,23,Wind,62,Friday,March,Spring,5574
6/2/2025,14,15,Solar,153,Monday,June,Summer,6266
6/24/2022,3,4,Wind,175,Friday,June,Summer,1971
3/20/2024,0,1,Wind,80,Wednesday,March,Spring,1924
10/12/2023,17,18,Wind,285,Thursday,October,Fall,5820
9/24/2022,1,2,Wind,267,Saturday,September,Fall,1028
2/6/2020,21,22,Wind,37,Thursday,February,Winter,5819
6/9/2024,2,3,Wind,161,Sunday,June,Summer,3682
4/19/2020,10,11,Wind,110,Sunday,April,Spring,2602
9/28/2022,14,15,Wind,271,Wednesday,September,Fall,6080
11/28/2025,14,15,Wind,332,Friday,November,Fall,8799
10/5/2024,23,0,Wind,279,Saturday,October,Fall,8967
7/24/2020,21,22,Wind,206,Friday,July,Summer,1760
10/16/2022,16,17,Wind,289,Sunday,October,Fall,6721
11/6/2020,22,23,Wind,311,Friday,November,Fall,7139
7/2/2021,23,0,Wind,183,Friday,July,Summer,1585
4/13/2022,15,16,Solar,103,Wednesday,April,Spring,3628
8/2/2025,14,15,Solar,214,Saturday,August,Summer,12313
6/25/2023,22,23,Wind,176,Sunday,June,Summer,5338
11/30/2024,7,8,Wind,335,Saturday,November,Fall,3505
10/2/2023,0,1,Wind,275,Monday,October,Fall,2764
